source_id,phot_g_mean_mag,bp_rp,b,Jz,non_single_star,single_age,binary_age,binary_q,delta,single_age_feh0,binary_age_feh0,single_chi2n
2058736739430272,6.856,0.395,-47.25,0.29152,0,1.4125,1.4121,0.1,-0.267,1.4265,0.5,0.875
6364767871053440,7.781,0.409,-46.07,5.92513,0,1.1645,1.1446,0.141,-0.021,1.0492,1.0248,1.251
10245940838016768,6.924,0.32,-41.08,0.22592,0,1.1893,1.1826,0.1,-0.243,1.1676,1.1649,0.777
46975436002187136,6.502,0.56,-23.62,0.28802,0,2.0952,2.0826,0.109,-0.095,2.0952,0.5,0.431
47275259079451008,7.389,0.528,-23.84,3.89882,0,2.2751,2.1117,0.303,0.27,2.0555,1.9572,0.49
47541100375011968,6.701,0.582,-21.7,0.27208,0,2.3162,0.5,0.748,-14.722,2.2763,2.2646,0.61
47752481485851136,6.014,0.518,-21.69,0.23424,0,2.0159,0.5,0.9,0.463,1.9943,0.5,0.775
48190804371444992,8.268,0.57,-20.98,0.1555,0,1.6715,1.6378,0.111,-0.29,1.2646,1.2273,0.573
49231668222673920,6.689,0.573,-19.98,0.2677,0,2.3303,0.5,0.775,-10.111,2.14,2.1283,0.569
49298394834276608,4.864,0.35,-21.03,0.20145,0,0.9542,0.9522,0.1,-0.629,0.8934,0.8855,1.525
49510566218944768,5.554,0.398,-20.17,0.25509,0,1.6155,1.5149,0.768,3.225,1.5019,1.416,1.841
52813464789648256,6.953,0.562,-20.25,0.52024,0,2.3198,0.5,0.798,-0.947,2.2916,2.2852,0.498
64232992554986624,7.101,0.396,-26.56,0.05269,0,1.405,1.4013,0.1,-0.06,1.4168,1.414,0.476
65022510623526272,7.293,0.585,-25.24,0.98126,0,2.4396,2.1639,0.259,0.21,2.0884,1.9407,0.494
65319619282119808,5.532,0.49,-23.16,0.74557,0,2.0117,1.8438,0.864,2.059,1.8425,1.6464,0.975
70103250776647424,7.063,0.563,-22.94,2.00451,0,2.5804,1.9605,0.841,1.626,2.4185,1.6025,0.382
71576115320945664,6.658,0.532,-21.05,2.6836,0,2.3231,1.4897,0.846,1.114,2.1906,1.3506,0.443
75775184586079232,7.578,0.53,-43.4,0.20806,0,1.9176,1.8763,0.1,-0.102,1.6735,1.6472,0.306
76789415343167488,7.778,0.577,-45.69,0.40211,0,3.8534,1.3087,0.787,3.397,2.7616,1.979,0.487
86181684186025856,6.769,0.36,-37.75,1.29507,0,1.2964,1.2944,0.1,-0.209,1.3197,0.9,0.623
92375508062945536,8.096,0.583,-41.73,0.92727,0,2.5622,2.5484,0.1,-0.067,2.4278,0.5,0.427
100949289283470976,6.376,0.479,-35.44,0.69332,0,1.4102,1.8676,0.946,4.047,1.4181,1.8074,0.871
101124184646158848,8.232,0.577,-36.1,0.04782,0,2.848,0.5,0.717,-3.83,2.166,1.6265,0.656
105459279821019136,7.908,0.586,-33.72,0.08332,0,2.5866,2.5119,0.242,0.151,2.3049,2.0711,0.374
106316486574257792,8.074,0.579,-32.54,0.06431,0,2.7242,0.5,0.787,-0.282,2.539,0.521,0.713
112123041840191616,7.711,0.551,-27.94,0.07117,0,2.7304,2.3015,0.733,2.849,2.4046,1.8791,0.606
113035400268766848,7.346,0.592,-32.02,0.46596,0,2.9125,1.6804,0.866,1.286,2.6248,1.4125,0.653
116155608110060928,7.389,0.598,-27.44,0.33553,0,2.6758,2.5555,0.578,3.638,2.5883,2.4878,0.811
119612300869346688,8.063,0.586,-21.4,2.85329,0,2.7636,0.5623,0.805,0.823,2.656,0.5623,0.624
135240656067480448,7.309,0.599,-24.14,0.58755,0,2.5119,2.5119,0.543,4.562,2.421,2.3612,0.801
140101734413040896,7.895,0.575,-21.71,0.1833,0,2.1109,2.0877,0.1,-0.219,1.9431,1.9243,0.486
141920979480321408,7.995,0.483,-19.61,0.47266,0,1.6249,1.618,0.102,-0.377,1.3544,1.3419,0.879
142695654141786624,7.747,0.493,-16.56,0.59206,0,2.0316,0.5,0.916,0.319,1.9017,0.5,0.575
145391484855481344,5.657,0.374,-18.46,0.16356,0,1.4338,1.4223,0.236,0.34,1.3623,0.9361,1.493
145869325736739712,7.481,0.278,-17.03,0.05518,0,1.116,0.9711,0.38,4.13,0.8387,0.6944,1.749
151588916504442752,7.167,0.465,-13.2,0.01772,0,2.4615,2.1526,0.513,21.798,2.226,2.0507,2.597
155390237438844160,6.585,0.313,-8.17,0.03459,0,1.2855,1.2082,0.646,2.574,1.2747,1.0249,1.605
157600152732418048,6.543,0.368,-5.41,0.32614,1,1.3598,0.7943,0.76,-6.054,1.3436,1.3417,1.14
158231616003512576,6.802,0.563,-10.06,0.0193,0,2.0934,2.0782,0.754,1.56,2.1014,2.2965,0.571
158941556916985344,6.713,0.503,-10.92,0.41995,0,1.8305,1.4465,1.0,1.252,1.9607,1.7361,2.138
161874229306981376,8.115,0.559,-6.96,0.16681,2,2.7193,1.0,0.776,4.548,2.4799,0.631,0.852
162405533940990080,5.294,0.484,-18.08,0.77523,0,1.2589,1.5849,0.833,8.579,1.2589,1.7078,2.736
164262059326729088,5.116,0.489,-16.9,0.03243,0,2.0127,0.5462,0.766,2.752,1.7807,0.7079,1.027
174053622686394112,7.75,0.571,-6.79,0.01612,0,2.783,1.708,0.783,3.951,2.539,1.122,0.802
180168556606465280,7.106,0.39,-4.88,0.30839,0,1.1748,1.1686,0.1,-0.173,1.2255,1.2201,0.971
181517829171155328,7.528,0.599,-3.79,0.44243,0,2.764,0.7079,0.83,2.413,2.7114,0.7079,0.629
182009826266321792,6.448,0.344,-1.92,1.09387,0,1.5251,0.9553,0.853,2.043,1.4268,0.7889,0.916
184907348642825472,7.604,0.558,-3.71,1.02315,0,2.3475,0.5,0.813,-1.295,2.2821,2.2763,0.62
185579906161286016,7.221,0.592,-3.08,0.78689,0,3.0235,2.5989,0.628,8.707,2.8795,2.5511,0.959
188206261484037504,4.732,0.262,-0.3,0.28851,0,1.1309,1.2475,1.0,0.645,1.1093,1.1604,2.324
190995275806633856,7.684,0.478,4.82,0.0357,0,1.697,1.6897,0.1,-0.22,1.435,1.428,1.174
191797850575444736,6.517,0.367,6.03,0.03216,0,1.4934,1.4901,0.1,-0.11,1.295,1.2918,0.91
198723949197080192,6.665,0.462,-3.35,0.13517,2,1.4125,1.4084,0.103,-0.418,1.4235,1.4159,0.706
199189317493820800,5.876,0.583,-1.79,0.16497,0,2.2387,2.2254,0.58,2.908,2.1436,2.1241,0.879
201898548504339840,8.135,0.576,-1.14,0.35973,0,2.4499,2.3306,0.209,0.056,2.2937,2.1616,0.474
203157248798883328,6.472,0.591,-3.86,1.70724,0,1.9209,2.6911,1.0,5.233,1.9248,2.428,0.745
205048237001041664,8.15,0.581,-0.1,0.19987,0,2.1498,2.1272,0.1,-0.198,1.5961,1.4904,0.495
206651737271040000,6.485,0.282,2.69,0.04504,0,1.0312,1.0295,0.1,-0.281,0.9886,0.9851,1.383
206689910940036096,7.335,0.498,2.36,0.62736,0,2.0199,1.422,0.855,2.204,1.9688,1.3486,0.582
211030920283717888,7.831,0.522,10.48,1.15439,0,2.1896,0.5,0.901,0.593,2.1496,0.5,0.646
218886037513023104,6.504,0.294,-13.96,0.01408,0,1.0905,1.0885,0.1,-0.382,0.9715,0.9675,0.865
219583230964526464,6.709,0.422,-15.01,0.25347,0,1.6174,0.5,0.92,1.405,1.5579,0.5,0.768
220175489774424960,6.895,0.554,-12.77,0.201,0,2.2946,2.2774,0.1,-0.129,2.0334,2.0229,0.584
224413797862475008,6.93,0.472,-13.96,0.09548,0,1.6527,1.7689,0.103,-0.412,1.5664,1.553,0.725
224436784527368704,7.812,0.558,-13.83,0.09653,0,2.3904,2.3615,0.108,-0.113,2.0099,1.9984,0.337
225130542004110208,7.895,0.48,-11.12,0.00068,0,1.725,1.7155,0.102,-0.385,1.6235,1.6157,0.575
226158447937009664,6.923,0.561,-9.05,0.9136,0,2.6868,1.5849,0.998,2.734,2.3671,1.5751,0.945
229868543766605184,7.114,0.525,-9.59,0.09517,0,2.0641,0.5,0.786,-1.525,1.9772,0.5,0.506
235042394511771008,7.83,0.536,-15.3,0.10384,0,1.8633,1.8388,0.108,-0.166,1.7268,1.714,1.207
235579682037076352,7.192,0.489,-15.36,0.00096,0,1.7734,1.7949,0.1,-0.329,1.7698,0.5,0.944
237066874595909888,7.066,0.573,-11.22,16.33152,0,2.5786,3.0061,0.994,2.326,2.465,2.3774,0.918
237832203408333696,6.827,0.513,-11.54,2.17238,0,1.9751,1.7829,1.0,0.206,2.03,1.8424,0.832
241996500618616960,5.192,0.568,-8.22,0.02494,0,2.4237,2.3715,0.58,2.98,2.2536,2.1962,0.871
249040246984382464,6.517,0.483,-6.59,2.18088,2,2.1117,2.2432,1.0,2.287,1.932,1.8026,0.825
251192128678884352,7.257,0.566,-2.76,0.53161,0,2.5994,1.122,0.794,2.355,2.4514,0.9697,0.488
251568642693543168,6.83,0.464,-2.25,0.03014,0,1.4675,1.4612,0.1,-0.465,1.2087,1.1981,0.819
252319815291346304,6.774,0.256,-3.3,0.01228,0,1.0254,1.0367,0.1,-0.736,0.8728,0.8725,2.076
252320021449765888,5.986,0.553,-3.27,0.79371,0,1.9836,2.49,1.0,2.836,1.9069,2.3115,0.992
256534690037004544,6.85,0.539,4.28,0.03488,0,2.1941,1.3752,0.839,1.071,2.2123,1.4017,0.544
263177252095532416,7.045,0.537,10.46,0.2018,0,1.8589,1.7938,0.1,-0.256,1.4586,1.4409,1.245
263562459122956416,8.568,0.598,10.39,0.1238,0,2.2322,2.1875,0.1,-0.276,2.0552,2.0308,0.489
265090711565770624,7.973,0.591,12.65,0.39517,0,4.046,0.5,0.805,2.466,2.8637,2.2624,0.673
265722999474087424,4.899,0.494,6.51,0.4271,0,1.9244,1.122,0.718,5.26,1.7875,0.9165,0.863
268413573144432384,6.94,0.541,13.09,0.24666,3,2.1051,2.0967,0.1,-0.115,2.0929,0.5,0.696
270535836747313536,7.668,0.556,-0.58,0.34123,0,2.5653,0.5,0.66,5.566,2.349,0.5,0.873
270660528238516352,5.389,0.357,-0.16,0.42092,0,0.9791,1.3334,0.912,47.083,1.0,1.2913,3.732
271657269890310016,8.196,0.555,-0.07,1.16631,0,2.5587,1.122,0.554,18.701,2.3161,1.3694,1.245
272326357072924544,6.968,0.498,2.81,0.02629,0,2.0242,0.631,0.79,3.791,1.9606,0.631,0.993
274287164261657472,6.25,0.43,6.81,0.67921,0,1.4899,1.4841,0.1,-0.301,1.4766,1.4725,0.747
275389145491383808,7.774,0.514,2.67,0.33829,0,1.8351,1.8167,0.106,-0.307,1.3986,1.3789,0.75
276284736371675648,6.152,0.577,2.27,0.10129,0,2.6459,1.6249,0.842,3.856,2.5048,1.5978,1.171
277676649371573504,5.226,0.317,7.53,0.04263,0,1.1756,1.0866,0.937,-0.631,1.2141,1.2108,1.612
278297461124627968,6.577,0.432,6.64,0.05987,0,1.5118,1.507,0.1,-0.395,1.459,1.4544,0.816
278468160306462592,8.055,0.585,5.3,0.71447,1,2.2556,2.22,0.112,-0.492,2.0431,2.027,0.487
278914871261809920,7.422,0.412,9.13,0.05919,0,1.4741,1.4698,0.1,-0.037,1.4412,1.4387,0.84
282224469981155200,6.751,0.571,17.23,2.01409,0,1.8595,2.8184,1.0,23.439,1.9361,1.9178,1.528
285317808507191936,5.939,0.567,11.57,0.17289,0,2.389,0.5,0.72,1.685,2.261,0.5,0.669
285833926137301632,6.593,0.327,13.16,0.71177,0,1.29,1.2892,0.1,-0.12,1.2811,0.9987,1.064
285928759014734592,6.457,0.279,13.65,0.14121,0,1.2182,1.2172,0.1,-0.192,1.2484,0.5898,1.344
290302925506001280,6.079,0.6,-38.69,1.44232,2,1.7652,2.583,1.0,7.565,1.7706,2.345,0.869
295216608610562816,7.159,0.547,-36.12,5.25695,0,2.517,2.4669,0.196,0.055,2.2002,0.5,0.915
306655721427598720,8.059,0.541,-36.48,0.08048,0,2.1219,1.8844,0.338,0.909,2.0017,1.7997,0.385
307383598125681024,7.116,0.536,-36.5,0.37385,0,2.117,2.099,0.106,-0.171,1.8222,1.8037,0.522
307810346075871104,6.784,0.581,-35.06,0.49732,0,2.4822,2.3612,0.204,0.129,1.9573,1.6544,0.465
308365084051842048,6.776,0.505,-33.86,0.35428,0,1.9801,1.9298,0.636,2.821,1.854,1.8065,0.544
309227719643397120,7.18,0.541,-32.46,0.01624,0,1.9953,1.9881,0.101,-0.121,1.8931,1.8819,0.505
309335677941300992,7.908,0.561,-31.72,2.20837,0,2.4884,2.4175,0.249,0.222,2.1916,0.5,0.639
311075380214316416,7.164,0.263,-34.3,0.0413,0,1.0,1.0,0.1,-0.267,0.9679,0.9677,1.63
311472716228821248,6.094,0.597,-33.13,0.53465,2,2.8717,2.6509,0.691,3.208,2.6828,2.3323,0.754
313476679249850624,6.135,0.538,-30.73,0.00249,0,2.193,2.1844,0.102,-0.075,2.0311,0.5,0.368
324376447253635456,7.654,0.474,-28.4,0.74297,0,1.4579,1.4542,0.102,-0.414,1.5154,1.5095,0.67
329649361423387520,7.445,0.476,-24.77,0.883,0,2.145,1.8477,0.708,2.819,1.9411,1.6248,0.59
333649522164960256,7.394,0.496,-21.28,0.02,0,1.3936,1.3653,0.1,-0.147,1.4405,1.4311,1.127
337605290123952384,7.93,0.58,-14.36,0.81353,0,3.1623,1.5849,0.809,3.853,2.7129,0.631,0.697
340863997774064640,8.048,0.583,-12.84,0.45085,0,2.5541,0.5,0.739,-2.141,2.4154,0.5,0.56
342510933049151232,7.433,0.505,-23.94,0.79186,0,2.8184,2.6524,0.528,21.919,2.6658,2.5281,4.658
347991483117550336,7.353,0.476,-21.27,0.40722,0,2.0207,0.5012,0.759,2.667,1.6274,0.5,0.719
348684450322398976,5.597,0.292,-18.67,0.14399,0,0.9854,1.0144,0.641,2.376,1.0023,1.0133,2.137
350929481267582080,6.225,0.592,-15.54,0.07899,0,2.4367,2.5831,1.0,1.812,2.3455,2.1592,0.765
354659849343620224,8.034,0.549,-13.76,0.04559,0,2.3051,2.2936,0.106,-0.119,2.055,0.5,0.813
356907010591651968,7.134,0.563,-11.9,4.21435,0,2.6488,0.5,0.954,1.315,2.3119,2.2442,0.793
360640642840036480,7.496,0.586,-31.7,0.48454,0,2.9873,2.9662,0.109,-0.081,1.86,1.5855,0.928
362049873149543936,6.843,0.427,-29.53,0.53356,0,1.6979,1.6947,0.1,-0.069,1.576,0.5,0.644
369834484194173056,8.186,0.597,-24.49,0.01387,0,2.7083,2.6272,0.207,0.088,2.5976,2.489,0.438
371144105622104448,8.312,0.599,-22.96,2.27504,0,3.9902,3.2649,0.348,-0.429,2.2629,1.3528,0.474
372251348191007872,6.362,0.401,-21.26,1.15209,0,1.2705,1.2658,0.1,-0.3,1.1098,1.1037,0.666
372490732488035200,6.88,0.438,-20.59,0.04086,0,1.7259,0.7542,1.0,0.651,1.6431,0.5306,0.563
376251715090348288,7.179,0.52,-19.25,0.20011,3,2.0652,1.8405,0.846,1.086,1.9824,1.7218,0.624
383275940831929728,5.619,0.47,-21.27,0.03784,0,1.9079,0.5623,0.789,2.561,1.6967,0.5,0.916
386147251021760512,6.543,0.522,-16.25,0.02744,0,2.0469,0.5,0.902,0.385,2.0038,0.5,0.479
393835203826147968,7.498,0.518,-12.42,0.96937,0,2.2995,0.5623,0.771,2.239,1.9115,1.6453,0.845
395877894575975168,7.697,0.491,-9.98,0.99153,0,1.1476,1.1316,0.104,-0.422,0.8719,0.8566,0.888
397372371388455424,4.694,0.595,-17.0,0.08544,0,2.3782,2.3202,0.636,1.028,2.3166,2.2643,0.525
401699258881463168,7.993,0.572,-14.73,0.81863,0,2.5367,0.5,0.772,-1.513,2.2542,0.5,0.958
402107108976099328,7.648,0.542,-15.13,1.02196,0,2.3482,0.5623,0.921,1.395,2.1916,0.5,0.566
402552754783480448,7.085,0.585,-13.96,0.21781,0,2.8442,2.409,0.744,4.54,2.6358,2.1088,0.536
402604088232132992,6.801,0.547,-13.88,0.00449,0,2.342,2.3327,0.103,-0.176,2.0347,2.025,0.691
407618995126664960,5.856,0.577,-9.87,0.65453,0,2.4097,2.1402,0.746,1.968,2.3417,2.0594,0.802
408917999395862912,7.963,0.556,-8.08,0.63582,0,1.9946,1.9697,0.1,-0.165,1.8126,1.7994,0.555
411423820758164352,7.508,0.548,-7.64,0.10361,2,2.7162,2.2387,1.0,2.731,2.3828,1.122,0.785
413521654585855104,6.544,0.596,-5.44,0.03443,0,2.1394,2.6747,0.922,3.735,2.0922,2.6102,0.954
414249698780549632,7.856,0.482,-2.98,0.01105,0,1.3799,1.3652,0.103,-0.426,1.2728,1.2469,0.618
415147351243290112,6.325,0.381,-11.36,0.26666,0,1.5254,1.5242,0.1,-0.157,1.4026,0.5623,1.72
422900969808335744,7.657,0.58,-3.96,0.88024,0,2.5997,2.2061,0.852,2.561,2.4781,2.0688,0.583
427987757273707520,7.072,0.497,-4.44,0.05735,0,2.3055,2.1413,0.538,8.122,2.136,2.0239,0.922
428858158167256960,6.48,0.55,-1.73,0.35781,2,2.8184,2.6126,0.521,10.739,2.6074,2.4053,0.89
437243411790251136,6.81,0.558,-11.74,0.94857,0,2.3611,2.3512,0.104,-0.097,2.2093,2.2019,0.726
437688164247291264,7.595,0.562,-9.14,2.3503,0,2.3032,1.9363,1.0,0.938,2.2944,1.8192,0.503
444567499263327872,8.269,0.599,0.49,0.02903,0,2.7572,0.5,0.784,0.107,2.637,2.5543,0.61
444800045972766976,8.421,0.582,-1.32,0.03567,0,2.1712,2.1338,0.1,-0.063,1.9683,1.854,0.388
445328361309169920,6.795,0.294,0.27,0.022,0,1.1847,1.1834,0.1,-0.268,1.1852,1.1831,1.11
445884744253598080,7.797,0.548,-5.13,2.08518,0,2.5568,0.5623,0.841,1.437,2.311,0.5,0.725
446568679146449024,6.441,0.431,-2.36,0.1562,0,1.5938,1.6548,0.859,3.721,1.5234,1.5069,0.863
449935280669248384,7.86,0.532,2.24,0.03678,2,2.1284,0.5,0.772,2.839,2.0033,0.5,0.732
449986167444949248,6.784,0.411,2.89,0.14253,0,1.5645,1.3297,0.857,2.179,1.512,1.2493,0.837
451993703877877248,6.616,0.266,-8.27,0.41209,0,0.9653,0.9499,0.1,-0.425,0.906,0.9058,0.767
452046549154458880,7.827,0.584,-7.69,2.39106,2,3.0967,0.5012,0.789,1.583,2.6867,0.5,0.385
454995130102129536,8.167,0.599,-8.18,0.01431,0,2.6153,0.5,0.736,-8.351,2.3159,2.2762,0.339
457276994691302016,6.672,0.49,-4.65,0.66668,0,1.4811,1.4754,0.104,-0.476,1.4125,1.4042,0.857
459046864814063104,7.36,0.546,-1.5,0.81558,0,2.247,1.9382,1.0,1.403,2.1318,1.6247,0.721
462048119238710144,8.381,0.599,1.39,0.0227,0,2.1802,2.0902,0.177,-0.141,1.9953,1.9953,0.69
464665678471946112,7.177,0.378,1.05,0.23239,0,1.138,1.0858,0.282,0.493,1.0981,1.0567,0.993
465344077141521536,7.979,0.558,0.16,0.80963,0,1.9953,1.9953,0.111,-0.362,1.9031,1.8887,0.94
465680699502824192,6.934,0.543,1.52,0.21637,0,2.5589,0.5,0.757,3.259,2.0984,1.674,0.878
468817193857793536,7.724,0.555,2.72,0.06426,0,2.4813,1.8709,0.774,2.315,2.3262,1.6448,0.658
470181412910174592,7.004,0.462,5.02,0.03019,0,1.6536,1.646,0.1,-0.111,1.4337,1.4117,0.68
473885220904600704,8.816,0.596,6.02,0.50016,0,2.5538,0.8913,0.394,2.672,0.7079,0.5,0.566
478368788803049600,6.686,0.388,13.89,0.5731,0,1.6376,1.363,0.672,6.3,1.515,1.2764,0.923
479290007748013440,6.266,0.577,14.54,1.03451,0,2.5437,2.5119,0.1,-0.131,2.2071,2.0819,0.934
483568379292318080,6.939,0.412,14.46,0.63531,0,1.4979,1.4799,0.226,0.144,1.385,1.3568,0.844
483866553100622208,7.558,0.526,14.71,4.03477,0,2.876,2.9055,0.584,14.577,2.4488,2.0391,0.885
484109304651483136,6.578,0.562,16.5,0.1024,0,1.7783,2.5855,1.0,13.99,1.7689,2.2868,1.139
484340442612459648,6.729,0.525,18.12,0.40874,0,2.3969,1.9066,0.827,3.369,2.1418,1.5579,0.829
484814263404308736,7.958,0.586,19.45,5.20533,0,2.5453,1.5849,0.394,2.152,1.6293,0.7943,0.632
487090527352385408,5.783,0.276,7.03,0.74456,0,1.1957,1.21,0.973,2.01,1.1993,1.1657,1.779
490823128809452416,7.165,0.452,12.21,2.28927,2,1.6376,1.4061,0.388,3.703,1.2757,0.9924,0.84
491270252088393344,7.331,0.397,6.14,0.10355,0,1.205,1.1974,0.1,-0.318,1.0445,1.0383,1.088
493226386350323712,5.709,0.47,9.83,0.04206,0,1.7056,1.6508,0.758,3.698,1.659,1.5713,1.391
499749273439407872,6.926,0.485,21.23,0.07855,0,1.4756,1.4679,0.103,-0.409,1.4615,1.4529,0.553
507517941569311744,6.577,0.463,-1.39,0.86006,0,1.4559,1.7571,0.92,3.162,1.4239,1.6932,1.357
509223902577255680,7.881,0.519,-3.83,0.02472,0,2.3839,0.9512,0.777,2.973,2.1108,1.0132,0.836
510595302822046592,7.221,0.55,-0.83,0.53913,0,2.1237,2.0898,0.129,-0.102,1.7446,1.6337,0.592
510948486569945088,8.307,0.59,-1.0,0.19489,0,1.9953,1.9953,0.1,-0.275,1.308,1.2042,0.569
517465085825225984,7.145,0.56,6.66,2.61131,0,2.6002,1.9953,0.765,3.841,2.3599,1.5856,0.738
522284417087612288,7.607,0.461,9.17,0.06721,0,1.4647,1.4591,0.101,-0.2,1.3411,1.3345,0.788
522891484951192320,6.49,0.288,-0.06,0.0191,0,1.2182,1.2161,0.1,-0.164,1.0563,1.0534,1.344
526840690197536896,6.3,0.51,5.91,0.0326,0,2.1746,2.0123,0.698,2.676,2.0474,1.8575,0.577
529930798906599040,6.294,0.562,6.46,0.47668,0,2.5119,0.5,0.764,-0.837,2.2577,0.5,0.646
530362563377544192,7.578,0.463,6.14,0.39372,0,1.808,0.5,0.763,1.853,1.6498,0.5,0.456
534133166705984256,8.434,0.593,8.96,0.05462,0,1.9953,1.9602,0.1,-0.197,1.919,1.8929,0.418
540985907285397632,7.784,0.529,9.04,0.16137,2,2.739,2.2581,0.58,14.811,2.4564,2.1206,1.269
544244619230365696,8.138,0.575,12.97,0.19461,0,2.3672,0.5,0.753,-9.339,2.189,2.1727,0.568
544779462917920256,6.824,0.597,14.35,0.14849,2,2.7295,0.5012,0.86,1.519,2.5378,0.5,0.776
548551200118308992,7.158,0.273,14.17,0.63627,0,1.132,1.1311,0.1,-0.262,1.1307,1.1291,1.631
551430374395289600,7.678,0.512,17.77,0.74028,0,2.0646,0.5,0.927,1.047,1.9697,0.5,0.844
551765484922976000,5.898,0.395,19.4,0.15133,0,1.4819,1.478,0.1,-0.071,1.4202,1.4167,1.13
555075839555804416,7.716,0.564,16.63,0.08188,0,1.9953,1.9682,0.1,-0.109,2.0119,1.9994,0.508
555179502886541824,5.397,0.288,17.16,0.0978,0,0.9766,1.2457,1.0,1.079,0.9803,1.151,1.667
562512764407917056,6.942,0.456,17.03,0.69305,0,1.6573,1.6506,0.1,-0.098,1.5293,1.5231,0.629
565627302891932416,6.166,0.58,17.09,0.9952,0,1.8315,2.7032,0.981,10.564,1.9021,2.402,0.97
570302426332379264,7.993,0.596,23.77,0.18948,0,2.5988,0.9119,0.796,1.933,2.5957,0.9356,0.456
571154444765425280,8.293,0.592,22.48,0.13398,0,2.1054,2.0723,0.1,-0.221,1.9496,1.928,0.698
574895911036090752,5.74,0.536,24.92,1.28808,0,2.0812,0.9842,1.0,1.039,2.0812,0.965,0.737
576361079000148608,8.0,0.552,26.47,2.11795,0,2.4139,2.4065,0.105,-0.257,2.1006,2.0916,0.61
577265427312053888,6.556,0.566,31.14,2.72423,0,2.3898,2.6486,1.0,2.137,2.2537,2.1117,0.59
577669635274282752,7.167,0.443,27.87,0.1563,0,1.9299,1.4125,0.783,4.57,1.8385,1.3339,1.895
578978122831046272,7.18,0.363,33.09,0.23863,0,1.1903,1.1877,0.1,-0.437,1.1325,1.1288,0.911
580462497887595904,6.271,0.448,33.58,0.61789,0,1.3981,1.3954,0.1,-0.322,1.4206,1.4163,0.721
582957530289386624,6.105,0.266,27.79,0.17021,0,1.1488,1.122,0.199,-1.549,1.1041,1.098,2.113
583379124279340032,7.126,0.427,31.47,0.41785,0,1.5604,1.2653,0.823,1.303,1.5714,1.2673,0.837
584048138449334272,7.942,0.583,33.6,0.96884,0,2.8153,2.093,0.824,1.199,2.5601,1.7001,0.624
592184494431479296,6.395,0.494,35.9,0.74233,0,1.4125,1.3288,0.198,0.013,0.5,0.5,1.094
595907681321532032,7.058,0.556,24.74,0.20108,0,2.3738,2.724,0.999,1.377,2.2059,2.1118,0.538
596184002337226368,7.703,0.492,26.88,0.20911,0,1.8868,1.8797,0.101,-0.104,1.6998,1.6742,0.625
610549499710989440,5.651,0.285,34.81,2.4306,0,1.1741,1.1728,0.1,-0.024,1.1181,1.1159,1.354
611857227057759488,6.784,0.525,34.5,0.46076,0,1.7415,1.8834,0.842,0.563,1.7271,1.7765,0.715
613339647904722432,6.396,0.366,44.2,0.32556,0,1.46,1.4279,0.825,2.679,1.4158,1.3128,1.104
618080913842432640,7.958,0.537,43.51,0.33852,0,2.3563,0.5,0.755,1.768,2.153,1.9402,0.373
621835161935915008,6.288,0.513,49.99,0.7145,0,1.2589,1.887,1.0,11.704,1.2589,1.3382,1.598
624679972178496256,7.976,0.475,54.73,0.45406,0,1.4714,1.4675,0.103,-0.405,1.4091,1.3965,0.498
628447487426672512,6.546,0.506,52.96,1.55705,0,2.2443,0.5,0.865,1.106,2.0011,1.9492,0.582
628997483758503936,7.52,0.588,54.63,0.43794,0,2.6922,0.5,0.824,-2.361,2.5048,2.4642,0.493
630183650646116992,7.726,0.54,53.2,1.41848,0,2.5014,2.4664,0.105,-0.165,2.1587,0.5,0.542
635652243525961600,6.959,0.439,40.18,1.32314,0,1.7235,1.7122,0.14,-0.075,1.5944,0.5,0.831
639683671628307456,7.28,0.586,47.72,2.26567,0,2.7424,3.5481,0.999,3.421,2.5636,2.5248,5.05
643101503523246848,5.233,0.335,49.69,0.36454,1,1.2944,1.2559,0.312,1.552,1.1884,1.1501,3.368
645106772214340352,7.176,0.411,47.13,0.93281,0,1.4907,1.4883,0.1,-0.197,1.5086,1.5068,0.901
656028805330545792,5.999,0.597,28.31,2.45699,0,2.8184,2.8184,0.737,2.378,2.6365,2.4567,0.661
657629350661901312,6.25,0.469,29.94,1.0909,0,1.6616,1.9894,0.951,3.119,1.573,1.5828,0.747
660949807058832256,6.678,0.535,33.31,1.03146,0,2.2965,1.8747,1.0,1.304,2.1451,1.3305,1.042
662658929165391232,8.211,0.584,30.63,0.20996,0,1.9959,1.9953,0.1,-0.188,2.0428,2.0254,0.431
662691605274640896,7.396,0.326,30.16,0.19346,0,0.9637,0.9607,0.1,-0.434,0.9728,0.969,1.079
668406557480282880,8.075,0.562,22.47,0.49906,0,2.8093,0.5012,0.799,2.892,2.2731,0.5,0.634
678292816283031168,7.396,0.532,30.51,0.25227,0,2.3138,2.4927,0.917,2.335,2.1214,2.0078,0.866
678725508467083008,6.9,0.367,31.07,0.15395,0,1.1997,1.1871,0.153,0.057,1.0272,1.0141,0.703
684830203181321344,8.057,0.558,36.32,1.25645,0,2.8555,1.0,0.73,9.907,2.3136,1.122,0.578
687103237313623168,6.891,0.581,39.51,0.67686,0,2.7485,2.0033,0.759,2.778,2.5291,1.8487,0.411
688790575345426688,7.014,0.26,40.33,0.29376,0,1.122,1.122,0.104,-0.3,1.0789,1.0788,1.121
689827827128422912,6.646,0.532,37.47,12.1776,0,2.0682,2.351,1.0,2.494,1.9476,1.9112,0.711
691753312505451648,6.813,0.37,38.82,0.6434,2,1.4422,1.3852,0.752,3.125,1.3895,1.3091,1.409
693039912908555392,6.024,0.323,39.57,0.28584,0,1.3363,1.2865,0.35,3.074,1.2658,0.9893,1.571
694917638251005312,6.671,0.554,42.87,3.59036,2,2.689,2.2722,0.738,3.285,2.3846,1.907,0.686
695806833919024768,7.525,0.586,46.41,5.57132,0,2.7412,0.5005,0.835,2.372,2.5936,0.631,0.684
697659682813059456,7.921,0.6,47.35,0.44069,0,2.5593,2.3093,0.206,0.033,2.3106,2.1928,0.426
705126839936477696,7.237,0.595,36.22,2.08569,0,3.1623,2.9471,0.429,3.602,2.8572,1.6205,0.515
707760445163092352,8.124,0.529,33.64,0.46051,0,1.7386,1.7199,0.1,-0.144,1.6659,1.6517,0.419
712049433864692352,7.516,0.53,40.09,0.4051,2,2.2963,2.207,0.259,0.142,1.8674,1.6904,0.888
712256558664173312,6.422,0.316,41.12,0.21636,0,1.3283,0.7833,0.969,-0.117,1.2958,1.2867,1.091
712849985704381440,6.946,0.367,39.55,0.42619,0,1.2589,1.2583,0.1,-0.606,1.2603,1.2585,1.206
712988829111292672,5.633,0.289,38.57,0.16716,0,1.1931,1.2518,0.995,-1.194,1.1713,1.1709,1.737
718117539756671232,6.44,0.593,37.59,0.31265,0,1.9953,2.6958,0.918,8.168,2.0223,2.5663,0.769
718152655409236224,6.888,0.41,37.93,0.48892,0,1.5547,1.5898,0.969,2.531,1.4886,1.3718,0.894
719903902553457792,7.492,0.532,39.8,0.61505,2,2.3626,1.4125,1.0,2.12,2.1745,1.4125,0.563
720375730480440832,5.807,0.517,40.33,0.23565,0,1.4125,2.0475,0.951,11.299,1.45,1.4493,0.975
720478015125052416,7.344,0.526,41.32,0.64628,0,2.1498,0.5,1.0,0.409,2.0371,0.5,0.629
721220773884697344,7.673,0.589,58.54,0.63422,0,2.8184,2.6333,0.739,2.559,2.5778,2.2554,0.871
734560736147441024,7.726,0.508,61.76,0.48965,0,1.9953,1.9953,0.104,-0.115,1.822,1.8149,0.533
736849781917651200,7.442,0.569,63.36,0.92067,0,2.7471,2.6102,0.873,0.618,2.5402,2.1468,0.922
737775398909794944,7.652,0.386,62.03,0.47911,0,1.4125,1.2142,0.376,2.202,1.2232,1.0794,0.808
744772141153246720,6.785,0.29,50.39,0.30069,0,1.257,1.2526,0.158,0.014,1.1965,1.1936,1.306
745324027270565760,6.448,0.584,51.94,0.54201,0,2.9047,4.0938,1.0,7.765,2.7217,2.4121,0.658
747570290871415680,4.424,0.272,54.26,0.08078,0,1.2036,1.1615,0.383,2.434,1.1348,1.0862,2.125
751451124535827584,6.187,0.584,60.02,0.84232,0,2.8184,2.5492,0.783,1.852,2.5842,2.1635,0.466
752768270746349184,7.068,0.263,57.46,0.51224,0,0.865,0.8641,0.1,-0.183,0.8341,0.8339,1.394
754405993316189440,6.786,0.427,58.87,0.45213,0,1.4546,0.5,0.934,-0.031,1.5162,0.5,0.679
755755815637686528,7.634,0.552,57.79,0.98129,0,2.5315,1.4125,0.811,2.518,2.3003,0.9769,0.544
756291174721509376,4.661,0.303,58.61,0.18293,0,1.3142,1.1745,0.645,6.83,1.282,1.1546,2.048
763088080726827008,7.347,0.559,64.95,0.39524,0,3.0895,2.1527,0.706,7.544,2.5401,1.122,0.867
764022867472942976,7.117,0.544,67.87,0.23237,0,2.3394,2.3079,0.126,-0.035,1.8865,1.8012,0.828
769650790754831104,8.235,0.573,70.03,0.59667,0,2.0749,2.0498,0.1,-0.308,1.9953,1.9953,0.372
773882845370443264,7.426,0.553,67.0,0.75547,2,2.3331,1.9756,0.825,1.818,2.2914,1.8944,0.471
774610378470973824,6.84,0.537,66.92,0.22898,0,2.0514,2.0402,0.106,-0.144,1.977,1.9661,0.947
779515810942267264,7.994,0.543,59.51,0.41669,0,2.5543,0.5624,0.767,5.135,2.1937,0.622,0.762
784314496298465024,6.831,0.429,65.84,0.4222,0,1.7447,1.5936,0.529,9.899,1.6958,1.5997,1.068
786173048906492800,8.168,0.599,65.98,1.55886,0,3.1156,0.5012,0.758,4.582,2.5955,2.018,0.623
788427150825245440,8.078,0.542,62.77,0.48705,0,2.0058,1.9271,0.1,-0.711,1.7914,1.7822,0.514
793158345066525824,7.166,0.546,49.06,2.24409,0,2.0186,1.9953,0.147,-0.076,1.8487,1.7346,0.48
794503773634723072,7.163,0.302,50.47,0.32565,0,1.0452,1.0423,0.1,-0.348,1.0156,1.0123,1.195
797843574562367104,6.033,0.508,49.21,0.16178,0,2.0385,1.7678,0.813,2.363,1.9417,1.6833,0.883
798548430235605888,7.737,0.572,45.72,0.84599,0,2.4078,0.5,1.0,0.693,2.3572,0.5,0.512
798557844803930496,8.285,0.584,45.76,0.35795,0,1.9193,1.8843,0.1,-0.385,1.9962,1.9944,0.404
798782110816249344,6.889,0.589,46.02,1.49889,0,2.2387,2.8556,1.0,3.306,2.201,2.6286,0.676
801195229601189248,7.192,0.593,49.81,0.22704,2,3.3206,0.631,0.751,6.014,2.8492,0.5,0.595
807318955319527296,7.977,0.375,50.88,0.37817,0,1.5777,0.5,0.521,46.151,1.0568,0.5,3.111
809754961983282048,7.555,0.563,52.81,0.70293,2,2.6407,2.8184,0.713,6.963,2.5444,2.4367,0.762
812109085097489408,6.657,0.519,43.8,0.5416,0,2.4249,0.7943,0.824,2.758,2.0696,1.8718,0.771
813089746389964032,5.237,0.296,48.31,0.16309,0,1.197,1.1954,0.1,-0.091,1.0696,1.067,1.613
813111835405980928,7.991,0.597,47.76,1.55628,0,5.6234,2.8849,0.753,5.646,3.4067,1.9867,0.628
820947371877195904,7.61,0.556,48.83,0.23984,0,2.6264,0.5,0.724,4.274,2.0878,1.6212,0.712
823765969936234368,7.108,0.551,51.96,2.28039,0,2.2387,3.0429,1.0,9.227,2.1817,2.6059,1.434
824554285413021440,6.504,0.314,46.86,0.40449,0,1.2833,1.1419,1.0,0.92,1.2811,1.0833,1.25
825545220267959424,6.935,0.58,46.82,1.93878,0,1.9945,2.5608,1.0,1.958,1.9067,1.8929,0.661
828983049535772928,7.963,0.496,57.53,1.22114,0,1.7509,1.7397,0.103,-0.171,1.6604,1.6513,0.458
829776725129940480,5.088,0.47,58.39,0.54628,0,1.9581,1.8507,0.652,5.477,1.755,1.6673,1.011
834814378167284736,8.404,0.586,54.17,0.41,0,2.7176,2.6386,0.166,-0.148,2.4356,2.3008,1.148
839375324199603712,7.228,0.531,60.07,0.4772,0,2.1524,0.5,0.754,2.818,1.946,0.5,0.985
841569296572876928,7.687,0.553,59.02,0.46576,0,2.6064,1.0,0.764,6.665,2.2718,0.631,0.822
843480797537960832,6.649,0.296,57.36,11.83208,0,1.3152,0.9632,1.0,-0.17,1.2725,0.7756,1.461
854734436486835840,5.062,0.486,51.57,0.07633,0,1.8458,0.7079,0.686,4.566,1.63,0.5,0.93
858478548456889088,7.801,0.531,54.89,0.32357,0,2.0593,2.0232,0.151,-0.081,1.8308,1.7587,0.597
860909637385712000,6.877,0.257,53.38,0.51937,0,1.2473,0.6445,1.0,1.4,1.193,1.1926,1.763
862759874936898816,5.726,0.546,52.73,4.54188,0,2.8184,1.0347,0.833,2.972,2.3102,0.631,0.832
862918170251320576,7.16,0.505,52.4,1.96776,0,2.0501,0.5,0.942,0.767,1.9664,0.5,0.459
873773854712336768,8.494,0.589,23.61,0.16027,0,2.0588,2.0225,0.1,-0.145,1.9571,1.932,0.381
875555819462761088,7.232,0.574,25.57,1.17582,0,2.7392,0.5,0.842,-1.03,2.4883,0.5,0.552
885831305379722752,8.064,0.57,19.25,3.80375,0,2.6724,0.5,0.795,0.746,2.3981,0.5,0.382
888387566836462080,7.55,0.586,13.2,1.32376,0,2.7232,0.5,0.815,-1.917,2.4039,2.345,0.396
900043794542521984,8.217,0.596,22.7,0.28323,0,2.6005,2.5309,0.172,-0.007,2.4243,2.3309,0.438
904006747982968704,6.101,0.539,35.37,1.50574,0,2.1091,1.7182,0.348,0.56,1.8079,1.5561,0.536
916566641104578688,6.948,0.258,36.72,0.19723,0,0.9021,0.9045,0.1,-0.56,0.8013,0.801,1.373
918448833213111552,7.506,0.589,37.19,0.88735,0,3.4232,2.8778,0.271,0.139,1.9953,1.4309,0.755
918957421764818176,7.819,0.566,28.05,1.30714,0,2.2625,2.2499,0.1,-0.218,2.1403,2.1301,0.678
931665340937237248,8.431,0.597,33.26,23.75217,2,0.5,0.5,0.1,-0.451,0.5,0.5,0.67
933776197103349632,7.586,0.472,28.55,1.59105,0,0.5,0.501,0.102,-0.555,0.5,0.5449,0.554
938303230074293888,7.034,0.517,11.98,0.40806,0,2.4852,0.9857,0.915,1.898,2.0938,0.6988,0.532
942665576817331200,7.796,0.543,10.24,0.0657,0,2.8953,1.368,0.693,5.466,2.3138,0.8913,1.416
943823774876771456,7.408,0.446,14.59,0.20234,0,1.8536,1.8472,0.1,-0.018,1.7609,1.7402,0.645
952349594196438528,7.839,0.532,17.97,0.15677,0,1.9658,1.9453,0.106,-0.091,1.6617,1.6298,0.316
961247873083084800,5.821,0.471,10.37,0.91678,0,1.8658,1.6325,0.791,2.597,1.8116,1.5458,0.726
963572309382205440,7.906,0.569,11.66,3.44325,0,2.5119,2.5119,0.1,-0.11,2.1701,2.068,0.455
968561613974655360,7.571,0.426,13.67,0.17437,2,1.5111,1.4772,0.181,-0.002,1.2477,1.2035,0.772
968597489838610432,6.477,0.368,13.89,0.15818,0,1.4413,0.8049,1.0,0.96,1.4137,0.6536,0.827
970003524691852928,7.034,0.255,13.95,1.02456,2,1.1585,1.1407,0.177,-1.132,1.1268,1.1268,1.124
971750030192519552,8.21,0.584,14.24,2.10568,0,2.3352,2.3129,0.1,-0.254,1.9866,1.963,0.891
972261406177415552,7.267,0.536,15.68,0.07475,2,2.1866,2.1193,0.106,-0.061,1.853,1.7228,1.106
974328110082100992,7.51,0.585,23.32,0.50629,2,3.1623,1.7783,0.675,7.323,2.6603,1.4125,0.778
977813493221852800,8.303,0.583,21.92,0.51979,0,3.002,2.9796,0.109,-0.108,2.5522,2.3538,0.35
982266480954408704,6.796,0.598,28.0,0.21401,0,2.105,2.0688,0.1,-0.138,1.8461,1.8207,0.289
985636484093824768,7.851,0.571,28.53,0.15999,0,2.2673,2.2568,0.1,-0.17,2.1903,0.5,0.821
990461175476495360,7.515,0.487,26.41,0.18526,0,2.0113,1.0,1.0,1.083,1.8568,0.5,0.689
992199018030807808,7.471,0.509,18.71,0.57504,0,1.9655,1.9586,0.1,-0.18,1.9358,1.9311,0.487
995180726060673792,6.472,0.526,20.28,1.24007,0,1.4125,2.063,1.0,9.167,1.4617,1.4626,1.063
995578027714106112,7.393,0.305,16.7,0.10744,0,0.9465,0.9426,0.1,-0.274,0.8351,0.8313,1.275
995762333350851712,5.225,0.6,17.33,0.39522,0,1.2589,1.4832,0.758,6.979,1.3729,1.9156,3.837
996193685506641920,7.172,0.529,17.44,0.31278,0,2.0441,1.9453,0.749,2.43,1.9922,1.9125,0.472
1001762711901436928,7.125,0.592,22.32,0.57283,0,2.2387,2.2387,0.462,6.071,2.2196,2.1858,0.745
1004433597444327168,6.792,0.497,19.74,0.07569,0,2.0064,0.5,0.783,-0.764,1.7726,1.7554,1.062
1006911518695850752,7.105,0.539,20.37,0.08778,0,2.4544,2.3992,0.194,-0.025,2.1438,2.0559,0.516
1008997257894062720,7.504,0.576,41.97,0.2264,2,2.7037,1.7919,0.776,2.636,2.4541,1.2097,0.786
1011875126499917568,7.353,0.592,44.64,0.32461,2,2.6331,2.543,0.647,2.987,2.5263,2.3638,0.639
1013602356187567360,7.876,0.579,38.53,0.54991,0,2.676,2.1667,0.754,2.239,2.4937,2.0279,0.809
1014058103758571520,3.121,0.508,40.83,0.26801,0,2.5119,3.1623,1.0,1.791,1.8273,1.8259,8.142
1016229845380801408,6.667,0.553,41.57,0.1372,0,2.1824,0.5,0.775,0.643,2.1572,0.5,0.391
1022858010710856576,4.754,0.287,42.66,0.08697,0,1.2442,1.2374,0.253,0.362,1.2291,1.2277,1.872
1024889873839069824,6.416,0.512,44.12,0.11546,0,1.7554,1.7407,0.105,-0.224,1.5524,1.5384,0.452
1024967561207414528,6.793,0.54,43.91,1.81647,0,2.3045,2.3043,0.978,1.73,2.1542,1.8932,0.795
1031980349448380800,6.44,0.401,34.55,0.13458,0,1.704,1.7014,0.1,-0.192,1.3486,1.3451,1.662
1033349172706023936,7.526,0.391,33.07,0.47702,0,1.9847,1.5783,0.559,16.716,1.6421,1.3586,1.054
1034056605358746112,7.627,0.583,35.57,0.44582,0,2.9168,0.5,0.833,-2.711,2.5413,2.4744,0.455
1034105258748729856,8.099,0.586,35.46,0.8393,0,3.5481,1.4468,0.803,3.194,2.765,0.631,0.724
1034900858490474880,7.458,0.589,34.9,0.58825,0,3.1623,2.3638,0.83,2.764,2.8151,1.4125,0.548
1035135776021753088,5.788,0.549,34.43,0.22664,0,1.9855,1.9523,0.125,-0.103,1.8002,1.7199,0.698
1037899604657263616,6.252,0.542,38.52,1.81469,0,2.1647,2.3321,1.0,2.897,2.0321,1.9319,1.348
1039216853946533632,8.244,0.587,40.63,2.18702,0,2.5205,2.3929,0.206,0.095,2.0948,1.9108,0.407
1043382731705599360,4.565,0.456,39.42,2.53341,1,1.4453,1.4168,0.541,1.801,1.4494,1.4376,1.732
1049765396704695936,3.705,0.491,45.57,0.50988,0,0.9421,1.5849,1.0,245.835,1.0246,1.4125,6.214
1055669464907920768,7.271,0.521,48.75,0.32162,0,2.2417,1.938,1.0,1.606,2.1077,1.5937,1.02
1059841802297479552,7.126,0.598,45.26,0.3193,0,2.8174,2.5387,0.807,1.412,2.6021,2.1851,0.582
1060914135372239232,8.098,0.593,46.87,0.66153,0,3.0543,1.4125,0.838,1.826,2.785,0.8353,0.413
1062874942561896832,7.237,0.418,43.01,0.28908,0,1.1468,1.1421,0.102,-0.411,1.2925,1.2884,0.807
1063803411412606976,6.452,0.473,42.93,1.21457,0,1.6437,2.0294,0.97,1.619,1.5967,1.882,1.523
1064092789129355136,3.582,0.547,41.74,1.32717,0,1.5849,2.3778,1.0,11.049,1.6023,1.6019,2.002
1064733838767521408,7.017,0.57,42.59,0.58591,0,2.598,0.5,0.791,1.025,2.3797,0.5,0.548
1065535412807668992,7.894,0.558,43.93,0.24911,0,1.8801,1.8593,0.1,-0.308,1.6125,1.598,0.56
1068542237808447744,7.378,0.599,38.91,0.35591,0,2.6828,2.5659,0.648,2.476,2.5532,2.4109,0.807
1070274204844445056,7.881,0.596,41.6,0.66451,0,4.6957,1.0,0.631,29.362,3.6421,1.0,1.377
1070630004230973568,7.9,0.546,41.25,0.42315,0,2.0862,1.7273,0.325,-0.036,1.9013,1.6579,0.705
1070866983346600704,8.049,0.557,39.54,0.32752,0,2.1366,0.5,0.707,-0.865,2.1137,0.5,0.604
1073264021774300160,8.057,0.533,43.05,0.81385,0,2.3568,0.5,0.784,0.926,2.0528,2.0477,0.615
1076970406751899008,8.249,0.598,42.3,0.31581,0,2.5844,0.8523,0.621,9.621,2.7599,0.7883,0.814
1077943165305533440,6.45,0.461,39.75,0.18416,0,2.0516,1.6436,0.771,4.637,1.8331,1.4383,1.049
1080146483527976960,7.479,0.584,39.46,0.24428,0,2.8184,2.6615,0.749,4.119,2.6453,2.2658,0.768
1081692912272740992,6.977,0.528,32.4,0.50352,0,2.1654,0.5,0.852,0.639,2.0728,0.5,0.592
1083498447804179456,5.677,0.56,31.91,0.70132,1,2.384,2.5602,1.0,2.729,2.2575,2.0912,1.058
1084880155963747584,6.778,0.52,32.01,0.21226,0,2.2755,0.5,0.856,2.127,2.007,0.5,0.63
1086629719481456640,7.478,0.546,27.04,0.13549,0,2.1883,2.1771,0.1,-0.146,2.1675,2.1598,0.597
1088939411159874944,7.537,0.559,29.11,5.72213,0,2.6696,0.8913,1.0,1.632,2.4096,0.7079,0.595
1089194055475957504,7.503,0.567,28.22,0.20021,0,2.7736,0.631,0.88,1.477,2.5072,0.5,0.48
1091740386967165440,7.596,0.598,34.31,0.19301,0,3.1623,2.9806,0.416,3.186,2.7801,2.0874,0.784
1092115045554263296,7.062,0.492,33.12,2.68467,2,1.9727,1.9017,0.583,4.593,1.8426,1.7882,0.941
1092518738120160256,5.42,0.265,35.21,1.23232,0,1.1999,1.1973,0.222,0.079,1.1439,1.1435,2.766
1095504530663886080,7.682,0.512,30.12,0.42886,0,1.8619,1.8488,0.104,-0.218,1.7446,1.7361,0.514
1095504530667401472,7.723,0.512,30.12,0.4261,0,1.9489,0.5,0.681,1.391,1.7642,0.5,0.729
1097315426315553408,8.153,0.589,33.22,0.18853,0,2.2811,2.2609,0.1,-0.213,1.8287,1.6759,0.706
1099580042311825792,7.759,0.561,26.16,0.24924,0,2.845,2.6129,0.541,12.457,2.6625,2.4185,0.926
1103217119400559104,7.737,0.534,25.35,0.18585,0,2.1152,2.065,0.192,-0.057,1.8784,1.8109,0.562
1104324263186902144,8.146,0.526,22.12,0.51735,0,0.7943,1.2409,0.107,-1.575,0.5,0.5,0.664
1105532557746027904,7.619,0.545,21.47,0.54381,0,2.3101,0.5,0.741,1.197,2.0404,1.8974,0.647
1113791539338412032,7.695,0.591,23.48,0.26751,0,2.8454,0.5,0.819,-0.993,2.6339,0.5,0.482
1113905270073253248,7.307,0.538,22.55,0.48616,0,2.3779,0.5,0.834,1.579,2.0673,1.9767,0.939
1114998150271095040,6.16,0.554,25.02,1.23594,0,2.8696,1.5899,0.741,7.492,2.5505,1.5065,0.777
1118851457489262464,7.017,0.433,36.0,0.22544,0,1.6827,0.5,1.0,2.117,1.624,0.5,0.739
1120879850284461952,7.167,0.48,37.47,0.46498,0,2.0535,1.4008,0.575,14.404,1.8583,1.285,1.364
1120879850284462208,6.989,0.439,37.47,0.36865,0,2.2151,1.6224,0.562,24.075,1.7478,1.2237,1.478
1122191533296620544,7.426,0.54,34.39,1.49737,0,2.1298,2.0046,0.316,0.715,2.0236,1.9054,0.789
1124869634384221824,6.287,0.38,32.95,6.79509,0,1.5005,1.4457,0.536,6.908,1.4423,1.3973,1.016
1127118822857653504,6.707,0.431,36.99,2.52869,0,1.7872,0.7079,0.889,3.582,1.6588,0.7079,0.716
1128231631704164864,7.137,0.295,38.97,0.6817,0,1.16,1.1597,0.1,-0.025,1.0594,1.0579,1.186
1133448230262547200,6.085,0.327,35.42,0.88037,0,1.2361,1.2346,0.1,-0.296,1.2091,1.2039,0.794
1137412210199188480,7.863,0.456,31.81,1.19434,0,1.4777,1.4695,0.101,-0.141,1.3751,1.3661,0.544
1138424963487758336,8.053,0.561,29.59,0.1763,0,2.3545,2.3286,0.11,-0.024,2.189,2.122,0.541
1140247850687750016,6.876,0.387,27.66,0.20928,0,1.4993,1.3527,0.898,2.49,1.4571,1.2435,0.8
1140656250538119552,8.141,0.568,25.31,0.50319,0,2.07,1.9953,0.2,0.042,1.92,1.6567,0.685
1144778216550875904,6.276,0.529,32.1,0.19742,0,1.7783,2.4285,0.986,6.724,1.7156,1.7034,0.788
1145793787337050112,8.091,0.556,31.59,4.01228,0,2.4987,0.5,0.799,0.069,2.2394,2.2317,0.373
1146337324038514176,5.144,0.549,33.12,0.18122,1,2.7598,0.5012,0.711,3.287,2.0486,0.5,0.531
1147658112381475840,6.225,0.454,30.44,0.89237,0,1.2589,1.6731,0.899,12.676,1.2589,1.2915,2.472
1148053592970393216,7.228,0.528,31.27,0.1577,0,1.9764,1.9619,0.1,-0.087,1.8857,1.8773,0.9
1161508557276570240,8.261,0.544,53.45,0.4175,0,2.0312,2.015,0.1,-0.157,1.794,1.7836,0.354
1161789516857333376,7.655,0.554,54.37,0.36587,0,2.4447,0.5,0.777,-1.639,2.0196,1.9718,0.586
1163536640833785728,7.803,0.507,50.4,0.34942,0,1.9686,1.9483,0.122,-0.051,1.6821,1.6393,0.463
1164128452967676032,7.072,0.595,50.34,1.11243,0,2.6865,2.5322,0.66,1.558,2.5478,2.3465,0.51
1168603877609281792,7.83,0.569,53.54,0.55497,0,2.7235,1.5849,0.764,3.505,2.3776,1.122,0.454
1168936789115319424,7.07,0.577,50.55,1.03002,0,2.5834,2.8512,1.0,1.395,2.4593,2.3785,0.602
1173933652849997952,7.721,0.552,55.24,0.57287,0,2.122,2.1256,0.108,-0.221,2.0887,2.0819,0.491
1177504492955530112,7.856,0.588,63.32,0.4905,0,3.4875,2.0936,0.46,4.107,2.4444,1.3396,0.509
1186013132406638720,6.51,0.46,61.3,0.25465,0,1.8598,0.8438,1.0,1.267,1.7359,0.5,0.488
1190473919800585728,7.035,0.529,48.46,0.78464,0,1.9554,2.1676,0.986,1.969,1.9527,1.9166,0.533
1193304921726180480,6.111,0.573,46.49,0.28787,0,1.4125,2.284,1.0,33.555,1.5331,1.5287,1.372
1197734544838859520,7.788,0.568,49.76,0.28268,2,2.6638,2.49,0.352,2.249,2.3565,1.9953,0.613
1197801408889764480,5.769,0.268,49.96,0.24498,0,1.1488,1.148,0.117,-0.179,1.1378,1.1378,2.035
1198610305847506048,8.064,0.592,42.68,0.28984,0,2.8904,2.8463,0.109,-0.103,2.3179,2.1231,0.501
1206328087200326528,7.573,0.437,46.68,0.34198,0,1.7038,1.6731,0.237,0.278,1.4981,1.4641,1.329
1221995303260465536,7.786,0.547,55.49,0.51702,2,2.5074,1.8628,0.937,3.593,2.3176,1.5118,0.66
1225132313013868416,7.151,0.409,63.6,0.52273,2,1.4507,1.449,0.1,-0.044,1.4678,0.5065,0.576
1226844321337777536,5.289,0.549,65.07,0.09579,0,2.3463,2.0363,0.346,1.321,2.0254,1.8291,0.884
1233902704963092608,5.919,0.371,68.9,0.59369,0,1.2224,1.2164,0.1,-0.044,1.1862,1.1823,0.848
1238430596914116736,7.812,0.525,62.79,1.70104,0,1.7315,1.6947,0.124,-0.057,1.5037,1.4319,0.652
1240051242694880128,7.562,0.46,68.2,1.70971,0,1.7416,1.7363,0.1,-0.287,1.6523,1.648,0.824
1241620894326361344,6.039,0.569,64.75,0.50694,0,1.0167,1.7783,1.0,333.328,1.0535,1.7436,5.96
1242299881411548544,5.821,0.513,66.57,0.48758,0,1.8263,2.0204,1.0,3.594,1.729,1.7165,0.806
1245098104144802688,6.76,0.467,74.06,0.70317,0,1.5637,1.8305,1.0,2.444,1.5577,1.5727,0.719
1249265734250293376,7.321,0.341,76.67,1.65301,0,1.202,1.1384,0.337,0.961,1.1974,1.1456,1.014
1252560901879241344,6.346,0.27,70.37,0.29167,0,1.0914,1.0918,0.1,-0.341,1.0593,1.0592,1.254
1255848853963056128,6.124,0.537,69.39,1.02162,0,1.9769,1.9528,0.106,-0.213,1.7377,1.7236,0.844
1256241998089421440,8.034,0.572,69.56,0.48349,0,2.8609,0.5012,0.812,1.754,2.4886,0.5,0.449
1260296962612941440,8.006,0.531,73.37,1.04301,0,2.0176,2.0104,0.108,-0.435,1.8592,1.8492,0.524
1260603172305614976,7.551,0.597,70.71,4.38325,0,3.0859,0.5,0.826,-0.585,2.7144,2.5282,0.749
1264630412816366720,4.802,0.595,59.48,0.69617,0,3.1444,1.0647,0.696,11.815,2.5668,0.631,1.038
1265629967669006208,7.02,0.588,62.97,0.21983,0,2.3907,2.1926,0.23,0.121,2.0503,1.9297,0.698
1273169013960272640,6.357,0.582,53.75,1.41574,0,2.5793,2.0193,0.302,0.366,1.6146,1.1019,0.663
1275020797697840640,7.155,0.584,59.31,4.30195,0,2.9701,1.9039,0.774,4.659,2.6484,1.5849,1.073
1276801010104445696,8.065,0.578,56.84,0.55875,3,2.6688,1.0062,0.798,3.945,2.4177,0.8913,0.602
1284257623084916480,4.342,0.54,67.2,0.10743,0,2.8259,0.7079,0.657,12.164,1.903,0.7113,1.02
1287069280480460032,6.214,0.587,67.13,0.81821,0,2.9882,2.0262,0.766,4.768,2.6243,1.6667,0.63
1289479891002699264,6.763,0.582,63.2,0.45821,0,2.454,2.9157,1.0,2.587,2.3002,2.2787,1.157
1291230412294591360,7.774,0.534,58.85,0.44558,0,1.9187,1.8596,0.184,0.015,1.8069,1.7298,0.508
1293268258314304896,7.275,0.539,62.02,0.6814,0,2.2591,1.9953,0.894,1.468,2.1636,1.8083,0.661
1293848731733762560,7.441,0.58,63.85,3.50612,0,2.9525,2.5796,0.763,2.718,2.6127,2.1111,1.106
1294674911643124096,6.052,0.536,63.13,0.40256,0,2.5772,1.9953,0.659,5.895,2.272,1.9619,1.151
1300343409481305344,8.051,0.563,37.47,0.65208,0,2.3179,2.2665,0.159,-0.037,2.0825,2.0051,0.618
1300615018920948480,7.729,0.582,39.19,0.87538,0,2.8292,1.6916,0.778,3.362,2.6374,1.5849,0.549
1306131410488171904,7.023,0.481,36.62,0.50523,0,1.7635,1.6807,0.278,0.357,1.6878,1.6247,0.496
1306781324939399296,6.467,0.568,35.08,0.90594,0,2.5542,2.5119,0.109,-0.128,2.1053,2.0079,0.649
1308000923852725632,7.463,0.433,36.86,0.26257,0,1.5064,1.3808,0.329,1.234,1.2534,1.1084,0.536
1310361437878283648,7.644,0.566,36.57,0.22414,0,2.4389,2.16,0.288,0.151,2.0392,1.8496,1.001
1312243870504921088,7.452,0.58,40.02,1.19612,0,2.8375,3.1067,0.741,8.621,2.8592,2.647,0.887
1314848819709113600,7.862,0.572,39.11,0.78069,0,2.1827,2.1679,0.1,-0.306,2.1692,2.16,0.478
1315697535309853696,6.426,0.498,45.43,1.12324,0,2.1544,2.0514,0.557,8.383,2.0151,1.9157,0.836
1324203086681177856,7.809,0.503,41.86,0.35254,0,2.72,2.2714,0.548,27.178,2.404,2.0288,2.051
1326320677356406016,7.803,0.545,40.39,0.54228,0,2.0365,1.9953,0.167,-0.038,1.7076,1.5889,0.582
1326482271205949184,5.956,0.424,40.16,2.5111,0,1.6227,0.5482,1.0,0.609,1.5631,0.5012,0.836
1326746394514971904,7.548,0.523,40.69,2.05462,0,2.0537,1.9953,0.231,0.161,1.8606,1.7167,0.447
1333366004270364672,7.999,0.586,33.9,0.44143,0,2.7609,2.6418,0.217,0.083,2.4472,2.265,0.838
1336685395514923520,7.364,0.528,32.85,0.18687,0,2.1774,0.8913,0.917,0.654,2.0919,0.8012,0.349
1336772153854267392,8.183,0.537,33.12,0.29299,0,1.994,1.9714,0.106,-0.356,1.7248,1.7119,0.583
1338021473942133376,6.057,0.263,36.21,0.27315,0,0.9964,1.0,0.1,-0.514,0.9843,0.9841,1.247
1338482130657660288,5.287,0.433,35.58,0.29384,0,1.4554,1.7336,1.0,1.759,1.419,1.6198,1.876
1338723202879680384,8.174,0.595,37.33,0.27477,2,2.6312,0.5,0.728,0.961,2.3987,2.1067,0.892
1341486481757038720,7.436,0.599,35.69,1.09614,0,2.9541,0.9254,0.816,1.408,2.7826,0.7079,0.572
1358632815835563520,7.955,0.562,36.99,1.87253,0,2.3741,0.5,0.801,0.95,2.3032,0.5,0.602
1361644962300099584,6.589,0.435,34.59,0.15254,0,1.7331,1.7312,0.1,-0.186,1.5603,1.5578,0.818
1365907528362717568,6.244,0.598,34.68,0.38859,2,3.5481,3.1634,0.833,9.319,3.1313,1.4125,0.626
1373502026974164352,7.242,0.532,49.59,0.7294,0,2.1725,2.1276,0.191,0.01,1.9531,1.8881,0.733
1373898263477354880,8.34,0.592,55.38,1.28637,2,2.644,2.6179,0.1,-0.269,1.9953,1.9953,0.57
1377139451956925440,8.142,0.574,52.98,0.88323,0,2.2631,2.2257,0.1,-0.196,2.1148,2.0997,0.439
1378771883127857920,7.013,0.434,46.67,0.22268,0,1.4821,1.4762,0.1,-0.164,1.4426,1.4383,0.541
1380421150568828800,5.379,0.556,45.37,0.06706,0,2.5509,0.631,0.688,7.832,2.2625,0.5,0.663
1382687033579154304,7.751,0.566,49.97,0.33306,0,2.6843,1.0171,0.886,1.769,2.4503,1.0,0.491
1387906591370541440,6.596,0.512,55.36,1.80373,0,2.2447,0.9906,0.929,1.713,2.0413,0.8727,0.904
1397565319984411776,7.441,0.582,52.09,0.28066,0,2.7757,0.5,0.803,-1.556,2.5247,0.5,0.534
1401050531326713984,5.665,0.511,51.93,0.12345,0,2.3851,0.7079,0.916,1.088,2.0639,1.9416,1.38
1403076622018971264,5.98,0.401,47.77,0.93692,0,1.6272,1.6217,0.128,-0.008,1.428,0.5,0.656
1405639721062296448,7.674,0.598,43.05,0.6091,0,2.8874,0.5,0.789,-1.263,2.6348,2.6155,0.688
1412221397666234880,7.158,0.411,40.56,0.62606,0,1.5583,1.1987,0.808,2.697,1.5442,1.1806,0.591
1414741955058798976,7.52,0.572,34.17,0.91787,0,2.6968,2.5835,0.871,1.73,2.4967,2.2111,0.719
1416736026769322496,7.99,0.577,33.05,0.34333,0,2.5119,2.4929,0.1,-0.278,2.2564,2.2427,0.53
1418298742029999488,6.019,0.442,29.9,0.69676,0,1.7055,1.3355,0.781,1.306,1.6335,1.3457,0.619
1420252333674052992,7.511,0.578,35.78,0.73779,0,2.5155,2.4907,0.108,-0.12,2.4064,2.3962,0.704
1420972823029057408,4.839,0.367,33.13,2.31853,0,1.4377,1.436,0.1,-0.108,1.2983,1.2959,1.443
1423813239520479232,8.019,0.597,42.9,4.74028,0,2.8399,0.5,0.762,0.586,2.6512,0.5,0.487
1427909160851355392,6.852,0.544,44.42,1.71712,0,2.0258,2.3752,1.0,2.118,1.9138,2.173,0.567
1432860124272113024,6.476,0.394,34.34,0.26728,0,1.3769,1.6882,0.961,4.776,1.3346,1.3349,0.999
1433945960724835200,7.794,0.548,35.41,0.22295,0,2.4443,2.428,0.104,-0.145,2.01,1.9953,0.49
1438126849392705280,7.984,0.583,38.36,0.52371,0,2.9826,2.0949,0.75,2.706,2.6689,1.8546,0.444
1439526806868726144,6.61,0.513,30.99,1.21478,0,1.9622,1.8056,0.1,-0.518,1.7657,1.7545,0.646
1439931564586809984,7.505,0.588,29.87,0.4742,0,2.3126,2.2911,0.1,-0.429,2.1205,2.102,0.734
1439931598946548736,7.199,0.546,29.87,0.43985,0,2.066,2.0552,0.1,-0.304,2.0463,2.0382,0.491
1443378357445069952,7.514,0.583,80.66,0.79376,0,2.4703,1.9953,0.319,0.853,2.0083,1.5994,0.499
1444673380280236800,7.681,0.516,78.88,0.67517,2,2.0726,0.5,0.703,4.314,1.8704,0.5,0.596
1447325436685993344,7.203,0.586,84.78,0.51814,0,2.4777,2.3092,0.747,2.057,2.4055,2.2018,0.951
1452083298377571072,5.888,0.26,76.28,0.41659,0,1.122,1.1206,0.212,-1.762,1.1645,1.1646,1.829
1453898832592883840,7.523,0.385,75.9,1.74028,2,2.0341,1.5099,0.571,19.866,1.6903,1.3231,2.079
1457566459786687360,6.213,0.539,75.11,0.43246,0,1.9543,2.2938,1.0,2.0,1.8612,1.8274,0.675
1460810534484815360,7.058,0.599,87.97,0.44157,0,2.6185,2.5644,0.453,6.203,2.5293,2.4484,0.96
1462929465189728384,8.155,0.573,85.03,0.63228,0,2.1065,2.0805,0.1,-0.145,1.9487,1.9247,0.521
1465084267461513088,7.165,0.48,87.47,0.53496,0,1.7917,1.7887,0.1,-0.204,1.7772,1.7746,0.632
1466997348973437696,7.873,0.449,82.36,0.7241,0,1.4967,1.4887,0.101,-0.083,1.4352,1.4303,0.634
1475835841914428032,6.345,0.278,75.29,0.41236,0,1.122,1.0494,0.164,-4.217,1.0681,1.068,2.267
1476775134082226944,7.738,0.569,74.51,0.83649,0,2.4896,2.2091,0.315,1.019,1.9412,1.4663,0.695
1478194741031263104,7.899,0.578,69.75,1.84512,0,2.7344,2.6393,0.194,-0.125,2.3635,2.2059,1.135
1478345060591740672,7.316,0.599,72.09,0.44245,0,2.7342,2.5956,0.567,3.764,2.6004,2.4763,0.612
1481508462920382976,7.276,0.523,68.16,0.51726,0,2.205,0.6171,0.923,1.126,2.0363,0.5012,0.798
1484931517495465600,7.823,0.577,67.88,0.52234,0,3.1205,1.7967,0.681,9.725,2.6783,1.4472,0.6
1485064627122108800,7.504,0.493,70.61,0.41853,0,1.9362,1.8696,0.267,0.275,1.7976,1.7156,0.748
1485694750364098304,6.291,0.517,68.34,0.36204,0,2.2449,0.5012,1.0,1.661,2.0288,1.9945,0.522
1493245440309717760,6.756,0.37,63.91,0.37199,0,1.4931,1.2673,0.516,10.071,1.396,1.2529,0.847
1493758156324750976,6.668,0.409,61.16,0.43084,0,1.5187,1.5149,0.1,-0.231,1.3993,1.3946,0.618
1495483186989795584,6.384,0.349,74.43,0.88287,2,1.4772,0.8597,0.766,5.716,1.3387,0.7236,1.3
1500347838748255360,5.85,0.285,72.06,0.23664,0,1.145,1.1067,0.315,2.06,1.1108,1.0748,1.776
1502029301264570240,6.901,0.53,70.49,0.82154,2,2.1377,2.0776,0.585,4.349,1.9679,1.9002,0.752
1506264413896471424,7.612,0.499,65.7,0.5175,0,2.1056,0.631,0.794,3.454,1.865,0.5,0.545
1507326061092315008,7.528,0.589,62.46,0.57085,2,2.7539,2.7544,0.595,10.351,2.6427,2.5352,0.705
1507839292504644096,7.036,0.411,62.66,0.37881,0,1.4104,1.4048,0.1,-0.094,1.2723,1.2684,0.635
1508313285095443712,7.134,0.525,61.4,0.5612,0,2.1696,1.3175,0.985,0.76,2.0541,0.8866,0.799
1509460728558078848,6.71,0.505,64.2,0.49612,0,1.8835,1.7363,0.187,-0.307,1.6615,1.6235,0.547
1509988906456489728,7.447,0.54,65.94,0.44124,0,2.1379,0.5,1.0,0.63,2.0892,0.5,0.593
1512601582305595904,7.327,0.593,62.44,0.33414,0,2.6557,0.5,0.793,-3.568,2.5771,0.5,0.539
1515555871265897344,6.21,0.286,83.57,0.94908,0,1.2884,1.2874,0.1,-0.033,1.2612,0.6047,0.964
1517698613271954304,5.541,0.476,78.77,0.34303,0,1.726,1.6344,0.299,0.943,1.4547,1.3407,1.355
1524888216726645248,5.786,0.267,75.4,0.59763,0,1.1994,1.1828,0.346,1.956,1.1926,1.1786,1.966
1535754243465455488,7.932,0.56,75.35,0.54412,0,2.0752,2.0501,0.112,-0.283,2.0459,2.0318,0.459
1537396673318780544,5.151,0.381,71.2,0.12656,1,1.3743,1.3713,0.1,-0.324,1.2645,1.2614,1.329
1541184800116506496,7.11,0.553,71.73,1.20397,0,2.6257,0.5,0.766,4.517,2.2643,0.5,0.658
1546508944658745216,7.698,0.426,66.63,0.51381,0,1.6548,1.6064,0.265,0.256,1.4291,1.3657,0.754
1549007271294414464,7.926,0.599,62.87,0.55045,0,3.1199,2.7943,0.597,11.794,2.9387,2.6616,0.844
1551381292995198592,8.025,0.59,69.28,0.45094,0,2.5922,0.5,0.746,-6.486,2.4489,2.4361,0.766
1551563571407060096,7.497,0.477,69.69,0.92399,0,2.0246,0.5623,0.87,1.932,1.8398,0.5,0.64
1556591638078513920,7.844,0.592,66.13,1.19543,0,2.2184,1.6429,0.309,0.197,1.6593,1.2209,0.465
1559661818143123328,6.343,0.544,65.36,0.61753,0,1.7783,2.449,1.0,5.993,1.7614,1.7817,0.834
1560770709978912128,6.783,0.585,61.6,0.52073,0,2.4638,1.4125,0.875,1.248,2.421,1.122,0.5
1563586799775391104,7.527,0.394,61.57,0.7255,0,1.3235,1.3185,0.1,-0.06,1.1541,1.1496,0.59
1565090003967879424,3.974,0.264,61.47,0.09204,0,1.2098,1.1162,0.473,-3.466,1.1932,1.1729,1.922
1572958452775551744,7.416,0.499,62.6,2.11456,0,1.5785,1.4332,0.244,0.2,0.7207,0.5,0.671
1575287046603605888,3.311,0.261,59.42,0.08994,1,1.2325,1.2325,0.1,0.036,1.1437,1.1373,7.502
1575561512193257472,7.186,0.513,58.52,0.47131,0,2.0925,1.6171,0.907,1.966,1.9874,1.5325,0.482
1576850723937017216,4.886,0.518,60.71,0.18466,0,2.5856,1.4882,0.982,0.732,2.1615,0.6539,1.232
1580673966384344960,5.853,0.279,54.34,0.2268,0,1.2176,0.7998,1.0,0.426,1.2092,0.6993,3.342
1586138058138639616,6.491,0.596,58.43,0.21384,0,2.6411,2.5468,0.723,1.265,2.5372,2.3819,1.059
1586825459065755264,7.817,0.575,59.56,1.10719,1,2.9119,2.378,0.644,9.989,2.5917,2.0685,0.78
1593537118559292544,6.392,0.539,57.1,0.17503,0,2.3417,1.4125,0.852,1.98,2.2553,1.3547,0.536
1595319083310383488,6.634,0.431,50.49,0.45863,0,1.2121,1.2054,0.1,-0.252,1.245,1.2371,1.007
1599934661324952576,7.822,0.548,53.82,0.30484,0,1.9317,1.9093,0.1,-0.152,1.7324,1.7092,0.476
1602083691160578432,7.269,0.521,46.68,0.38698,0,2.2834,2.2317,0.191,-0.004,1.954,1.8755,0.642
1603841123058897408,7.384,0.499,59.48,0.46218,2,2.2163,2.0232,0.709,3.402,2.0155,1.835,0.561
1604313260223879168,7.45,0.543,57.64,0.33473,0,2.1142,2.0915,0.107,-0.143,1.8112,1.7292,0.759
1607121069323709824,7.339,0.562,56.12,0.25845,0,1.9388,1.9211,0.1,-0.171,1.9953,1.9858,0.435
1615463167122629632,7.643,0.543,48.36,0.37826,0,2.2474,1.4814,0.962,1.735,2.1917,1.4568,0.918
1617449194360081536,7.276,0.353,51.88,0.39306,0,1.2837,1.281,0.1,-0.231,1.2924,1.2898,1.022
1618249123428954240,8.152,0.541,52.67,1.46549,0,1.6322,1.6107,0.1,-0.309,1.4619,1.4455,0.606
1618523760817775616,6.78,0.578,51.12,0.39907,2,1.7644,2.5839,1.0,6.011,1.7783,2.3455,0.805
1618540425290743936,6.19,0.518,51.16,0.12079,0,2.1733,0.5,0.711,3.647,2.0813,0.5,0.538
1625686288798213376,8.196,0.538,39.35,0.54725,0,1.9886,1.9427,0.167,-0.008,1.9411,1.8993,0.425
1628759939195621632,7.296,0.42,39.56,0.55362,0,1.4853,1.4838,0.1,-0.178,1.4308,1.4288,0.756
1634159606439018240,7.551,0.567,32.39,0.35501,0,2.0083,1.9953,0.1,-0.473,1.9029,1.8859,0.599
1634757568966999680,6.874,0.308,30.74,0.33903,0,1.1873,1.1863,0.1,-0.209,1.2064,0.5,1.44
1637036341173937920,8.276,0.585,34.27,2.34709,0,2.858,2.8127,0.102,-0.084,2.5686,0.5,0.467
1656522500421191552,6.928,0.573,33.13,0.26214,0,2.2344,2.8184,0.936,1.31,2.0952,2.6431,0.701
1656523844747203840,6.107,0.417,33.04,0.32288,0,1.2986,1.2951,0.1,-0.32,1.1701,1.1635,0.654
1666126257748955008,6.921,0.539,51.98,0.66008,0,2.2752,1.3476,0.933,1.777,2.1787,1.0347,0.635
1666126326468433280,6.549,0.518,51.96,0.60138,0,2.0629,1.9497,1.0,1.069,1.9562,1.6739,0.685
1667027548045598208,5.998,0.574,50.47,1.3864,0,2.3989,2.3027,0.188,0.029,1.8627,1.5849,0.578
1667182716624223232,7.227,0.589,51.06,0.4065,0,2.6052,2.5641,0.624,3.356,2.5193,2.3887,0.513
1673746010768378496,7.462,0.523,46.46,0.29984,0,1.9274,1.9215,0.105,-0.158,1.8492,0.5,0.551
1676282377934772608,5.917,0.561,53.48,0.29017,0,2.1451,2.0899,0.217,0.155,2.038,1.9825,0.713
1676851547000893056,7.452,0.528,53.32,0.38752,0,2.2797,0.5,0.824,-0.709,2.0777,0.5,0.673
1680556248351319808,7.551,0.515,51.16,2.06584,0,1.966,0.5,0.802,-2.203,1.8702,1.8647,0.682
1685291329536533376,8.057,0.583,47.29,0.34233,0,3.9668,0.7079,0.719,9.233,2.7283,0.631,0.697
1693162320962781696,7.196,0.595,40.05,2.56153,0,2.7976,0.5012,0.853,0.559,2.6164,0.5,0.549
1693272581363394304,5.062,0.449,39.3,0.82023,0,1.686,1.6552,0.304,0.68,1.5801,1.5434,1.229
1697598231905663616,7.277,0.58,39.64,1.76021,3,1.9953,1.9392,0.112,-0.084,0.7107,0.5,0.577
1698474611392398208,7.756,0.57,42.7,0.22856,0,2.1773,2.1228,0.112,-0.317,2.0895,2.0766,0.663
1709205638721316352,5.511,0.319,33.28,1.01867,0,1.0918,1.0899,0.1,-0.34,1.0871,1.0837,0.867
1718005266500289920,7.703,0.544,36.88,0.21484,0,2.0172,1.9954,0.1,-0.117,1.9928,1.984,0.527
1718005305156264704,7.14,0.444,36.87,0.21507,0,1.6178,1.6144,0.1,-0.076,1.6193,0.5,0.499
1719746278739483008,8.19,0.539,35.28,0.42935,0,1.6259,1.6088,0.1,-0.404,1.3585,1.342,0.597
1721485122019988608,6.832,0.546,32.97,0.23072,1,2.5256,2.0723,0.846,1.869,2.3238,1.8059,0.648
1726162375764736000,7.474,0.549,33.19,0.6178,0,2.2809,0.5,0.724,1.123,2.0982,0.5,0.405
1726909390836073472,7.166,0.338,31.38,0.20642,0,0.9944,0.989,0.1,-0.408,0.8814,0.8754,1.101
1727877167227120128,5.738,0.287,28.14,0.15536,0,1.0288,1.0405,0.1,-0.696,1.0287,1.0286,1.266
1731671856732501504,7.643,0.574,-29.51,0.45839,0,2.8602,2.4442,0.394,1.293,2.4423,1.8586,0.375
1736101308045738752,7.854,0.56,-21.99,0.20608,0,2.7455,1.5849,0.764,4.106,2.4079,1.168,0.53
1737701574204196352,7.217,0.534,-23.18,0.18984,0,2.4113,1.6586,1.0,1.653,2.2229,1.4194,0.476
1744092283677145728,7.575,0.522,-24.41,0.04998,0,2.293,1.0558,1.0,2.309,2.0596,0.9536,0.799
1744184573934439040,7.279,0.571,-24.75,1.55903,0,2.5031,2.2315,0.735,1.952,2.3487,2.0684,0.945
1745324492614250752,6.89,0.501,-27.67,0.02193,0,1.8521,1.8008,0.975,0.244,1.7922,1.6417,0.954
1745718701891594112,7.299,0.521,-27.79,0.02569,0,2.5119,2.5119,0.473,18.705,2.5119,2.8184,9.308
1745996637816179072,7.545,0.541,-26.8,0.02836,0,2.498,0.5012,1.0,1.007,2.2193,0.5,0.632
1746472726351230592,7.506,0.432,-25.52,0.51935,0,1.7708,1.7543,0.174,0.017,1.5659,1.5363,0.868
1749325100033418112,7.428,0.589,-19.29,0.2647,0,3.2355,2.9688,0.262,0.209,2.4773,2.1196,0.669
1750454431616341248,7.356,0.572,-21.98,0.22217,0,2.1532,2.0172,0.1,-0.144,1.7287,1.5942,0.677
1755214393549885696,7.659,0.576,-17.67,1.40602,0,2.8181,1.9953,0.809,2.439,2.5921,1.6571,0.673
1757415169150798464,7.567,0.487,-22.31,0.20125,0,1.9654,0.5,0.812,-0.717,1.8128,1.7988,0.747
1763718806752204800,6.532,0.519,-18.71,0.07283,0,2.0153,2.008,0.106,-0.244,1.7931,1.7834,0.6
1765674116382219136,8.053,0.592,-31.35,1.72739,0,2.8674,1.1057,1.0,1.385,2.6116,2.4804,0.582
1769450560866539136,7.66,0.449,-29.77,0.18705,0,1.3889,1.3452,0.182,-0.037,1.1469,1.1007,0.606
1772355367507922176,7.861,0.575,-28.59,0.03985,0,2.7232,1.134,0.768,3.82,2.5628,1.1308,0.54
1773135299209107712,6.105,0.479,-27.06,0.0081,0,1.5417,1.5352,0.105,-0.054,1.7526,1.748,2.457
1780414066185236224,7.443,0.546,-25.4,0.53653,0,2.0825,0.5,0.833,-2.98,2.0346,0.5,0.514
1784648079305873280,6.888,0.389,-21.73,0.00298,0,1.5067,1.504,0.1,-0.05,1.3823,1.3795,1.258
1785414129672353408,6.616,0.509,-21.69,0.05338,0,2.2984,0.7943,0.734,5.66,1.8996,0.5012,0.808
1785466940590239488,7.242,0.581,-21.47,0.00384,0,3.3955,0.5,0.757,-0.902,2.4,1.9553,1.248
1786447704962231680,7.345,0.44,-24.75,0.45115,0,1.8264,0.7079,0.935,2.788,1.6721,0.7079,0.936
1786774019397408768,5.699,0.435,-23.55,0.02476,0,1.5274,1.4858,0.261,0.29,1.4818,0.5,0.657
1787127787263968640,6.033,0.315,-21.98,0.94429,0,0.8002,0.7979,0.1,-0.061,0.5612,0.5556,1.068
1792362184167367168,5.627,0.439,-18.27,0.4406,0,1.6027,1.4476,0.815,2.101,1.5613,1.4029,1.922
1793359849234135040,7.417,0.434,-23.68,1.6416,0,1.7997,0.5623,0.872,1.381,1.6807,0.5,0.938
1793717504046450432,6.964,0.392,-23.06,0.20829,0,1.11,1.1035,0.1,-0.056,1.022,1.0164,0.637
1801497167293198720,7.227,0.577,-13.5,0.07339,0,2.4701,0.5,0.76,-2.662,2.4024,0.5,0.444
1808310428537874048,6.805,0.356,-10.85,0.03352,0,1.2727,1.2701,0.1,-0.189,1.2248,1.2212,0.787
1808766962079804032,7.884,0.557,-11.47,0.07885,0,2.9981,2.4975,1.0,1.392,2.5923,0.6646,0.716
1809542225167058560,7.484,0.532,-9.12,1.24448,0,1.9591,1.9438,0.1,-0.456,1.8735,1.8642,0.611
1816028656564573568,6.534,0.296,-10.94,0.64007,0,1.1447,1.1432,0.1,-0.444,1.0446,1.042,1.678
1822484194266196224,7.426,0.554,-7.77,0.13272,0,2.3757,0.5,0.732,-0.204,2.0951,0.5,0.497
1829590548393010560,6.419,0.528,-6.69,1.10181,0,2.0444,1.8005,0.1,-2.186,1.6566,1.6463,1.897
1833321397515530496,5.602,0.498,-3.41,4.07745,0,1.821,2.0955,1.0,4.981,1.68,1.6578,1.306
1834163211096038528,6.727,0.417,-2.6,0.0181,0,1.479,1.5894,0.913,1.913,1.4447,1.429,0.92
1835513372695976064,7.335,0.575,-4.63,3.13102,0,2.7908,2.1415,0.901,2.472,2.5186,1.5849,0.75
1837498751395230848,7.177,0.572,-16.85,0.01002,0,2.6743,2.1531,0.767,2.451,2.4864,1.9423,0.827
1838194261219150080,7.647,0.516,-17.15,2.40407,0,2.1,0.8913,0.9,1.317,2.0357,0.8536,0.411
1842057567124518528,7.521,0.58,-12.88,7.92816,0,2.9806,2.2295,0.813,2.985,2.6324,1.5849,0.727
1844943510270744192,7.823,0.594,-13.95,3.15388,0,2.728,0.5012,0.836,1.975,2.5088,0.5,1.14
1846740215346263936,5.586,0.461,-17.08,0.01288,0,1.3339,1.8803,1.0,9.649,1.3328,1.3327,1.8
1853901609461357568,5.682,0.433,-13.44,0.18248,0,1.7192,1.6758,0.297,0.88,1.5963,1.563,0.77
1854314372995422208,7.901,0.536,-12.24,1.62624,0,2.4065,1.122,0.765,5.078,2.1985,0.8913,0.484
1854441022992259968,7.808,0.478,-11.68,0.32138,0,1.8596,0.5,0.732,2.44,1.6805,1.5299,0.601
1855194875656117120,7.847,0.599,-11.25,0.02082,0,1.9953,1.2589,0.266,-0.2,1.0709,0.6508,0.62
1860154222860360448,7.3,0.496,-6.15,0.01477,0,1.9783,0.631,0.967,2.458,1.8952,0.631,0.694
1862662518115288192,6.429,0.488,-5.76,0.58652,0,1.9093,1.9028,0.1,-0.204,1.6737,1.6672,0.804
1868557687149096320,7.498,0.557,-7.67,2.4676,0,2.5119,2.914,0.993,3.223,2.3307,2.1822,1.078
1876130882710469248,7.085,0.404,-29.91,0.84623,0,1.4965,1.4924,0.1,-0.078,1.4465,1.4429,0.535
1886674958703075712,6.67,0.552,-26.25,0.40371,0,2.3007,2.57,1.0,1.75,2.1968,2.1011,0.374
1897895543584732544,7.177,0.49,-18.68,0.68502,0,1.7088,1.6936,0.105,-0.203,1.6538,1.646,0.544
1898409049875729024,7.859,0.555,-20.48,0.33349,0,2.6432,1.5849,0.828,2.648,2.3573,1.1395,0.435
1899742894921405824,6.36,0.592,-17.44,4.24222,0,1.9953,2.7828,0.906,14.436,2.0473,2.0301,1.14
1899868342325002880,6.94,0.365,-17.44,0.13105,0,1.5138,1.2166,0.812,4.224,1.4643,1.1695,1.511
1900396692021208448,7.132,0.566,-17.11,0.32423,0,2.2278,2.2192,0.1,-0.181,2.2134,2.2052,1.232
1902301664635283456,7.484,0.487,-20.39,0.05077,0,1.92,0.5,0.792,0.879,1.7994,1.7399,0.629
1903664234419540736,7.46,0.591,-20.58,1.86209,0,2.8598,2.7161,0.166,-0.095,2.4175,2.2931,0.501
1907163911212028928,6.132,0.365,-15.91,0.32501,0,1.3892,1.3739,0.297,1.105,1.3695,1.1065,1.469
1908035205457912704,6.9,0.39,-17.27,0.27343,0,1.5507,0.7079,0.962,1.966,1.4916,0.5859,0.996
1910520582770593792,8.231,0.548,-26.14,0.40377,0,1.8041,1.7618,0.1,-0.202,1.8768,1.8616,0.426
1911758976461809664,6.81,0.399,-23.54,0.27864,0,1.5674,0.5,0.794,1.691,1.4623,0.5,0.926
1914429415327853696,6.638,0.546,-23.04,0.21624,0,2.1584,2.56,0.986,2.417,2.0506,2.3264,0.497
1918687411545919232,6.142,0.546,-24.02,0.00047,1,2.1978,2.1606,0.186,-0.001,2.0602,2.022,0.448
1918807601910759168,6.425,0.481,-23.09,1.36541,0,1.456,1.9044,0.977,3.618,1.456,1.8162,0.764
1921007587236970240,6.68,0.56,-21.24,2.84122,0,2.5187,2.2651,0.688,4.307,2.3572,2.1276,0.732
1926630627143493760,6.942,0.351,-16.4,0.24452,0,1.376,1.359,0.248,0.121,1.323,1.3069,0.873
1927715845118203520,5.809,0.559,-20.21,0.70938,0,2.6428,2.4558,0.62,5.137,2.4272,2.2231,0.969
1929921843400877696,8.259,0.563,-18.37,0.46621,0,1.931,1.9095,0.1,-0.311,1.853,1.8409,0.436
1934280410573967744,5.759,0.485,-12.83,0.01059,0,1.7288,1.9038,0.99,3.038,1.6805,1.6414,1.058
1941179193203192064,8.007,0.581,-13.5,0.33928,0,2.7724,0.5012,0.852,1.727,2.4935,0.5,0.398
1944272909690507392,6.382,0.531,-10.11,0.03129,0,1.9086,1.889,0.1,-0.164,1.5903,1.517,0.742
1948005064464339840,7.807,0.489,-16.39,2.30989,0,2.2055,1.122,0.785,5.869,1.9364,1.7455,0.651
1956345238121998848,7.574,0.544,-12.94,0.68,0,2.5363,1.4125,0.784,3.935,2.2448,0.8913,0.631
1957628398253029120,7.996,0.591,-13.29,0.37817,0,2.654,0.5,0.778,-2.554,2.4726,0.5,0.824
1963897783497986560,7.548,0.533,-9.13,0.94117,0,2.2792,2.1536,0.243,0.14,2.0658,1.9953,0.491
1965134802800130048,6.91,0.458,-7.03,1.01578,0,1.8289,1.3317,0.935,2.467,1.7553,1.2505,0.723
1972438304486314112,5.502,0.471,-2.73,0.3547,0,1.6894,1.6824,0.102,-0.227,1.6459,1.6407,0.882
1976029623002037760,7.377,0.496,-5.71,0.95492,2,2.1406,0.5,0.811,2.084,1.912,0.5,0.639
1977653223715346688,6.512,0.55,-4.83,1.06132,0,2.3045,2.2516,0.196,-0.022,2.113,0.5,0.753
1982692354222425216,7.274,0.59,-11.3,2.41039,0,2.7449,2.3634,0.764,2.805,2.5895,2.1451,0.633
1989826535427047808,6.69,0.585,-6.5,0.43186,0,2.0326,2.7487,0.919,10.16,2.0338,2.0095,1.219
1989870653331591552,7.339,0.373,-6.21,1.00712,0,1.4396,1.2553,0.398,4.226,1.2316,1.0717,0.793
1990318493859331072,7.376,0.355,-6.35,0.24438,0,1.2877,1.2857,0.1,-0.159,1.1953,1.192,1.101
1990437825230931584,7.959,0.55,-5.57,0.30817,0,2.2074,0.5,0.793,1.854,2.1554,0.5,0.967
1990723839987250176,4.439,0.434,-10.36,0.91205,0,1.7995,1.4916,0.67,5.088,1.6282,1.3778,1.146
1993726468805788928,7.066,0.581,-7.62,0.10635,0,2.7071,0.5,0.735,-1.725,2.4482,2.2901,0.493
1996880898947453440,7.988,0.525,-5.2,0.33339,0,2.4912,1.122,0.618,7.857,2.0603,1.2443,0.564
2001858044491733888,4.566,0.376,-5.99,0.56196,0,1.0,1.4713,1.0,40.018,1.0,1.3325,2.58
2004819544691279360,7.192,0.556,-3.04,2.85087,0,2.5389,0.5,0.764,2.119,2.2059,0.5,0.675
2006945038121202944,6.851,0.402,-2.15,0.1051,2,1.5608,0.6931,0.934,1.087,1.5173,0.5952,0.689
2007431640735691776,6.346,0.588,-0.73,0.33894,0,2.6627,2.1056,0.3,0.337,2.0213,1.5849,0.805
2008741056002762880,8.038,0.563,-4.11,0.36841,0,2.2204,2.2117,0.108,-0.232,2.1239,0.5,0.478
2010634655538022016,8.054,0.555,-1.55,3.93566,1,2.8591,0.631,0.774,5.69,2.4286,1.8926,0.642
2015266313910912384,7.594,0.563,1.58,0.328,0,2.4532,0.7079,0.846,1.849,2.3259,0.7079,0.608
2020881416742340736,6.593,0.397,0.08,1.06383,0,1.4901,1.4627,0.292,0.596,1.3442,1.303,0.728
2025258228948376576,6.694,0.357,3.39,0.14529,0,1.0235,1.021,0.1,-0.567,0.9537,0.9488,1.233
2025587876265317504,7.623,0.549,5.73,0.04671,0,2.5486,0.5,0.803,1.285,2.2304,2.0513,0.79
2028050026400711936,7.649,0.476,1.67,0.35373,0,1.4736,1.3695,0.305,0.893,1.4622,1.3749,0.568
2030101126653057280,7.923,0.594,0.39,0.16854,0,2.7139,2.6817,0.114,-0.154,2.4879,2.4339,0.618
2030696413444813696,6.829,0.35,-0.06,0.0827,2,1.3796,1.2487,0.713,2.617,1.3501,1.2143,1.238
2031595607828115072,6.46,0.453,2.92,0.11632,0,1.5298,1.5721,0.787,1.885,1.5073,1.4946,0.709
2035205029593275136,7.83,0.507,2.74,1.73929,0,1.6381,1.6231,0.106,-0.348,1.6095,1.601,0.817
2036291312711338496,6.247,0.563,7.79,0.21404,0,2.5193,0.5,0.83,1.203,2.2718,0.5,0.773
2037497648755698304,7.991,0.52,8.65,0.06846,0,1.9296,1.9132,0.105,-0.142,1.8271,1.8173,0.633
2037646495139760512,5.456,0.405,9.6,0.04727,0,1.5961,0.8913,0.793,1.282,1.489,1.4576,1.316
2038224013630580352,7.502,0.57,7.57,0.06615,0,2.6915,0.5,0.775,1.841,2.4016,0.5,0.881
2042638896406298752,7.089,0.477,10.1,1.77382,0,1.9427,1.9091,0.652,3.211,1.773,1.6933,0.803
2049524794133601152,7.172,0.558,10.67,0.05216,0,2.3688,0.7943,0.772,2.377,2.3119,0.7943,0.494
2056457661621397632,6.375,0.562,-3.09,0.03162,0,2.5307,2.4022,0.1,-0.641,2.297,0.5,0.577
2056824520547745920,7.969,0.516,-1.7,0.75707,0,2.0806,2.0753,0.103,-0.209,1.9448,0.5,0.619
2060523518197844608,4.89,0.261,1.17,0.10932,0,1.3158,0.9202,0.98,1.807,1.2467,0.6388,2.875
2060596051599951616,7.908,0.59,0.79,0.5081,0,2.5618,1.122,0.801,3.579,2.5286,1.122,0.663
2064885727478894208,7.691,0.598,0.21,0.48479,0,2.9371,2.9159,0.1,-0.024,2.671,0.5,0.666
2067050940754838656,5.008,0.272,0.03,0.20268,0,1.2357,0.5,1.0,-2.053,1.1864,0.5,1.573
2069743094972936832,7.184,0.538,1.86,1.00043,0,2.2718,0.5623,0.903,1.958,2.1248,0.5,0.559
2072084023973414656,7.647,0.477,5.29,0.0377,3,2.0152,1.122,0.779,2.743,1.841,0.8904,0.51
2073651721382577152,6.923,0.533,7.11,0.33424,0,2.0086,1.9953,0.106,-0.447,1.6938,1.682,1.006
2076372978301929088,6.889,0.421,8.09,0.48112,0,1.5739,1.5688,0.1,-0.155,1.5014,1.4975,0.44
2077186823061026688,7.479,0.274,8.59,0.1022,0,0.7953,0.7943,0.1,-0.643,0.7129,0.7126,1.126
2079990268472754048,4.974,0.552,11.07,0.04072,0,1.4125,1.842,0.911,3.072,1.4125,1.9272,1.128
2081722205447961088,5.765,0.58,5.8,0.07272,0,2.615,0.5,0.835,1.229,2.4664,0.5,0.875
2084032554258818944,5.645,0.446,6.4,0.03095,0,1.4412,1.409,0.102,-0.24,1.5101,1.5054,1.493
2086351939671499520,6.138,0.511,10.36,0.09766,0,1.7984,2.0119,0.976,0.389,1.7899,1.9492,1.06
2087355209670285696,7.852,0.543,11.87,0.71384,0,2.4621,1.4136,0.856,2.06,2.2683,1.4125,0.58
2087388263738333696,7.741,0.581,11.91,0.15827,0,2.8841,0.631,0.809,2.383,2.667,0.5,0.599
2087620020178367360,7.951,0.593,8.89,0.88178,0,2.8661,1.4044,0.791,2.122,2.6659,1.122,0.571
2089367350309518464,5.713,0.573,11.18,0.57114,0,2.6491,2.0313,0.862,0.84,2.4144,1.7179,1.138
2090166351663597696,5.593,0.499,15.43,0.10286,0,1.8866,2.0411,0.959,3.459,1.7676,1.7158,1.309
2096869455581362560,5.65,0.412,17.37,0.11656,0,1.5765,1.1728,0.803,2.507,1.543,1.1415,1.097
2096875399817444736,4.316,0.266,17.38,0.35626,0,0.9299,0.9489,0.376,1.046,0.9492,0.9506,2.497
2097863517172455552,7.928,0.528,19.17,0.11077,0,2.0243,2.0128,0.105,-0.197,1.8616,1.8522,0.684
2099464058206140672,7.566,0.53,12.28,1.39027,2,2.3557,2.2789,0.245,0.099,2.031,0.5,0.781
2104067683330612992,7.626,0.522,16.07,0.1378,0,2.0698,2.0618,0.103,-0.089,1.8649,1.8449,0.738
2105150221247817600,7.694,0.599,18.17,0.07498,0,3.4925,2.7106,0.398,1.813,2.8266,2.1429,0.625
2106944692943062400,6.886,0.476,19.37,0.09924,0,1.8572,1.8506,0.1,-0.196,1.602,1.5943,0.526
2111203960469421184,7.168,0.574,21.08,0.72473,0,2.3514,2.6342,1.0,0.442,2.2874,2.2509,0.543
2113737956814047232,6.318,0.393,25.97,0.84811,0,1.4482,1.4443,0.1,-0.084,1.4233,0.5,0.698
2117805084685623552,7.308,0.538,21.47,0.57348,0,2.3866,0.5,0.786,0.329,2.0837,0.5,0.782
2118370920856603904,8.015,0.596,23.6,0.61238,0,2.582,0.5,0.88,-0.09,2.5938,2.5872,0.836
2119793929420734208,6.897,0.383,21.04,0.22596,0,1.4504,1.4468,0.1,-0.02,1.3291,1.3257,0.706
2121060532456394624,7.529,0.594,23.43,0.22634,0,2.953,0.5,0.854,-0.729,2.6391,2.6289,0.646
2128851225177806080,6.73,0.355,13.2,0.07391,0,1.4997,0.94,0.903,2.261,1.417,0.7943,1.138
2131342100048643584,4.965,0.264,17.86,0.07294,0,1.168,1.1671,0.1,-0.058,1.1761,1.1743,2.0
2132656360042532608,7.174,0.513,16.49,1.66405,0,2.1974,1.5849,0.893,1.793,2.0676,1.3719,0.721
2133995118527034496,7.808,0.549,20.14,0.43725,0,2.4247,0.5,0.784,-2.068,2.1204,0.5,0.797
2135110401277424384,4.372,0.556,13.85,0.84957,0,2.5909,1.5251,0.715,4.357,2.3578,1.122,0.98
2142282721781775872,8.046,0.6,17.24,4.80644,0,2.701,1.3485,0.447,-5.145,2.3792,2.2921,0.447
2143097219378366848,7.679,0.476,20.53,0.17892,0,1.5642,1.5022,0.243,0.169,1.5072,1.4567,0.458
2143787918839367808,6.089,0.291,20.55,0.34249,0,1.1239,1.122,0.1,-0.227,1.1583,1.1561,1.226
2150639594265862016,7.685,0.508,25.28,0.78176,0,1.7515,1.7377,0.107,-0.249,1.6474,1.6372,0.429
2155327877487388160,7.598,0.532,22.56,1.69796,0,2.5181,0.5012,0.973,1.701,2.1783,0.5,0.745
2162198893161238784,6.702,0.404,-1.48,1.99442,0,1.607,1.2917,0.623,6.616,1.5074,1.2103,0.789
2163672964611260032,6.264,0.363,0.04,0.11477,0,1.341,1.3588,1.0,1.689,1.3277,1.2687,0.897
2165150295921042048,6.881,0.52,-0.35,0.0518,0,2.0247,2.0197,0.1,-0.181,1.9443,0.5,0.735
2167218133679438080,7.351,0.29,2.27,0.04977,0,1.09,1.088,0.1,-0.322,0.9905,0.9873,1.255
2167561559263854336,8.233,0.559,3.31,0.69791,0,3.1623,2.3005,0.41,2.407,1.9749,0.801,0.815
2167831141473602816,7.229,0.48,4.11,0.63599,0,1.8734,1.8682,0.1,-0.241,1.7486,1.7432,0.602
2169756798645092992,5.753,0.476,3.48,0.07313,0,1.865,1.762,0.641,3.127,1.7839,1.6782,0.87
2169996565204193024,6.565,0.514,4.68,0.0976,0,2.1638,1.6414,1.0,1.82,2.0148,1.122,1.748
2185241740593613952,6.642,0.272,9.89,0.15958,0,1.1518,1.1487,0.1,-0.391,1.0067,1.0066,1.61
2187424065015831296,8.322,0.576,10.48,0.23979,0,1.9964,1.9953,0.1,-0.225,2.0488,2.0322,1.099
2191933265285183232,7.539,0.545,7.52,0.29417,0,2.3155,1.4125,0.752,2.923,2.268,1.3304,0.629
2192438662670005632,7.195,0.581,8.83,0.13016,0,2.713,1.7453,0.772,3.422,2.5553,1.6299,0.879
2193165061900891136,8.056,0.594,8.97,0.05848,0,2.5161,2.4895,0.1,-0.222,2.3112,2.2988,0.695
2194570134681591680,5.911,0.592,11.33,2.79226,0,2.6433,0.5,0.753,-1.594,2.5855,0.5,0.525
2194707951592053376,7.083,0.469,12.11,0.98818,0,2.1005,1.122,0.914,2.845,1.8934,0.8454,1.009
2195226749280378368,6.934,0.53,12.15,0.1092,0,1.8094,1.7681,0.1,-0.277,1.8167,1.8071,0.587
2199850504919692288,8.014,0.588,2.99,0.3579,1,2.5853,0.5,0.895,0.836,2.4664,0.5,0.846
2200979531563243776,6.975,0.566,2.23,1.36888,0,2.8184,2.8184,0.528,16.638,2.6331,2.3937,1.5
2206512652025163904,7.331,0.4,6.53,0.04518,0,1.266,1.2621,0.1,-0.319,1.1442,1.1396,0.602
2208655359672298112,7.543,0.597,4.01,0.03148,0,2.559,2.3469,0.763,0.875,2.5047,2.2684,0.601
2208726999728116736,7.129,0.576,4.41,0.68517,0,2.7739,2.6647,0.206,0.021,2.4415,2.2701,0.484
2209426838878225664,6.881,0.54,4.01,0.61163,3,1.9592,2.3932,1.0,2.633,1.9021,2.2496,0.561
2212708262605445632,8.113,0.508,6.99,0.1887,0,1.7147,1.7016,0.105,-0.378,1.5371,1.5247,0.597
2213323920399988224,6.872,0.578,7.64,1.50709,0,2.7413,2.3194,0.776,1.471,2.5519,2.0176,0.758
2216052049273458688,8.104,0.565,7.22,0.27401,0,1.9953,1.9953,0.102,-0.212,1.51,1.3978,0.662
2219558220048347264,6.397,0.529,10.0,0.94666,0,1.5136,2.2243,1.0,5.153,1.5138,2.0654,0.876
2222374481642772480,7.831,0.552,13.33,0.25251,0,1.9134,1.8985,0.1,-0.176,1.58,1.5319,0.932
2223560373653613312,5.419,0.528,11.41,1.78055,0,2.0378,2.025,0.103,-0.268,2.0086,0.5,1.141
2225421709401544576,6.793,0.554,8.31,0.56221,0,2.7172,2.3278,0.57,12.627,2.5584,2.313,1.277
2225859933504206080,7.412,0.412,9.61,0.09181,0,1.3924,1.3867,0.1,-0.316,1.2403,1.2343,0.893
2231409684084087680,7.736,0.596,13.63,0.72101,3,2.9143,2.8952,0.1,-0.138,2.6355,2.5633,0.609
2231780322582157824,7.553,0.378,12.19,0.10015,0,1.3586,1.356,0.1,-0.252,1.2241,1.2204,0.935
2233703677656649088,6.462,0.571,15.11,2.44476,0,2.904,2.8821,0.108,-0.153,2.1459,2.0513,0.504
2234364999542277888,6.09,0.568,12.9,1.35589,1,2.3162,2.2455,0.896,1.604,2.278,2.0762,0.818
2234535939240778624,7.413,0.563,12.8,0.18646,0,2.4611,0.5,0.764,0.003,2.2914,0.5,0.486
2238595130010493824,8.084,0.561,18.17,0.40634,0,2.6244,0.5,0.77,0.072,2.3251,2.1608,0.817
2245998176160116736,5.552,0.296,14.68,0.04217,0,1.1319,1.1298,0.1,-0.22,1.011,1.0081,1.273
2254911126652460416,7.59,0.595,22.29,2.64414,0,2.4674,2.1681,0.841,1.587,2.4884,2.1993,0.563
2266513894902202368,6.584,0.575,28.17,0.08971,0,2.5697,0.7079,1.0,0.753,2.4384,0.817,0.926
2268491504001786624,7.455,0.441,26.8,0.16553,2,1.9208,0.5,0.929,1.167,1.6189,1.6081,1.146
2270940872314294784,6.893,0.517,15.08,2.33753,0,2.1035,1.9283,1.0,1.419,2.0376,1.6703,0.442
2273796029132611968,8.078,0.532,15.47,0.23126,0,1.8721,1.8557,0.106,-0.239,1.6722,1.6598,0.575
2284097658518821888,8.037,0.597,17.71,0.09816,0,2.9986,0.5,0.75,0.808,2.6857,0.5,0.566
2292241023883776000,7.542,0.508,23.5,0.19507,0,1.9923,1.1343,0.851,1.688,1.9981,1.122,0.404
2292510850908047360,7.502,0.427,24.83,0.94319,0,1.7398,1.7344,0.1,-0.156,1.4238,1.4188,0.661
2292761230321460864,6.472,0.542,26.02,0.09875,0,2.2916,1.7013,1.0,0.454,2.205,1.3424,0.641
2296949304471623296,8.208,0.593,21.13,0.33108,0,2.39,2.3478,0.112,-0.314,1.9297,1.9061,0.616
2300352499118145152,7.049,0.401,22.97,0.2767,0,1.708,0.708,1.0,1.67,1.5977,0.5,0.81
2302080381640745088,7.076,0.591,24.03,2.18868,0,2.5924,3.1463,0.913,1.903,2.5006,2.4059,0.646
2302883677964630144,7.215,0.547,28.06,0.94016,0,2.2585,2.2086,0.1,-0.075,2.119,2.1059,0.799
2304407257482669952,5.512,0.329,24.61,0.17548,0,0.8185,1.182,0.967,7591.039,0.9292,1.1574,122.2
2309505074424681216,6.897,0.441,-76.33,2.05034,0,1.6007,1.5956,0.1,-0.254,1.4121,1.4047,1.032
2315959345118785408,7.643,0.517,-82.99,1.26755,0,1.4959,1.122,0.114,-2.114,1.5249,1.5112,0.613
2337191189529102336,6.094,0.528,-79.14,0.03719,0,1.5531,1.5408,0.1,-0.256,1.7412,1.7311,0.575
2342079618226230400,6.699,0.476,-88.5,0.5051,0,1.9201,1.9159,0.1,-0.186,1.7575,1.7502,0.678
2342563811364023808,8.44,0.597,-89.34,8.84069,0,2.8588,1.9953,0.442,2.13,2.671,0.5,0.457
2345421961777060608,6.453,0.578,-87.61,1.46922,0,2.1288,2.7316,1.0,1.777,2.0388,2.5275,0.693
2347490624184128640,7.018,0.551,-85.43,0.14419,0,2.0595,2.0354,0.109,-0.551,2.1237,0.5,0.805
2348342573897042304,6.013,0.375,-84.48,0.31653,0,1.2857,1.2839,0.1,-0.554,1.1659,1.1628,0.861
2349940954566607488,5.127,0.493,-84.66,0.04196,0,1.6352,1.6285,0.102,-0.344,1.5277,1.5183,1.005
2355609040086985216,7.668,0.524,-83.38,0.15632,0,1.8028,1.7377,0.106,-0.126,1.507,1.4945,0.626
2359268451006142592,8.004,0.554,-78.93,0.41379,0,2.5314,0.5,0.859,0.691,2.3153,0.5,0.762
2370635550107275392,6.445,0.417,-79.21,0.25328,0,1.4125,1.4543,0.613,3.137,1.3541,1.3452,0.746
2371363839121881344,7.509,0.552,-78.57,0.22124,0,2.5119,2.7732,1.0,1.802,2.2715,2.1712,1.821
2379409584176933504,6.939,0.294,-66.33,0.26921,0,1.1808,0.5,1.0,-6.949,1.1782,1.1765,1.177
2384732388686613632,7.902,0.5,-67.66,0.53522,0,1.6084,1.5995,0.103,-0.186,1.4735,1.4632,0.291
2449476684211187328,7.427,0.431,-61.83,0.22524,0,1.7269,0.5,0.753,1.124,1.5746,0.5,0.483
2449996684492859904,6.802,0.337,-77.73,0.18119,0,1.416,1.4092,0.253,0.288,1.329,0.5,1.473
2451237345925738880,7.295,0.477,-77.0,2.2408,0,1.4194,1.4091,0.101,-0.189,1.1323,1.1171,0.934
2456131615778383232,6.801,0.449,-75.36,0.73472,0,1.8328,1.553,0.979,2.971,1.6857,1.6501,1.349
2457042939119584384,7.093,0.477,-73.47,0.60245,0,1.928,1.1864,1.0,1.659,1.8246,0.9578,0.708
2457106882592567936,5.436,0.447,-73.67,0.05407,0,1.5616,1.5433,0.174,0.07,1.4685,1.4514,1.28
2458019820840919168,6.85,0.423,-72.79,0.69354,0,1.4558,1.3588,0.692,-2.131,1.5001,1.3447,1.647
2460244407740948864,7.465,0.59,-69.75,0.16552,0,1.9953,1.7295,0.1,-0.305,1.3654,1.3159,0.655
2461043306017773696,4.568,0.46,-68.61,0.00212,0,1.5176,0.8964,0.63,5.006,1.4496,0.7079,1.637
2461684115138473344,6.659,0.445,-65.63,0.61056,0,1.9359,0.5,0.87,1.239,1.6619,0.5,0.668
2461844678195795968,5.904,0.558,-64.58,2.78389,0,2.21,2.3775,1.0,2.186,2.149,2.0351,0.725
2470218077718581376,5.609,0.598,-72.23,0.76157,0,2.2387,2.3858,0.658,4.807,2.1858,2.1524,1.099
2470763950880669952,6.555,0.555,-71.48,0.9854,0,2.3837,0.5,0.729,1.05,2.0942,1.8936,0.617
2478133530644396800,6.172,0.322,-69.38,0.26324,0,1.3508,1.3493,0.1,-0.125,1.2932,0.5,0.966
2486844170997156096,7.569,0.57,-61.43,0.16874,0,2.8064,1.9953,0.959,1.65,2.5381,1.122,0.529
2488548001703423104,6.939,0.402,-59.74,0.91504,0,1.5439,1.542,0.1,-0.19,1.4711,0.5,1.015
2492130141867202688,8.319,0.572,-62.31,0.876,0,1.9953,1.9953,0.106,-0.289,1.8917,1.8747,0.373
2492584583766254080,6.828,0.427,-61.1,0.1597,0,1.5526,1.4704,0.836,0.086,1.5115,1.4091,0.676
2504085166155676288,7.131,0.438,-62.98,2.93058,2,1.8072,0.9971,0.728,7.194,1.5794,0.7079,1.007
2504554451462345600,7.095,0.484,-61.59,0.06534,0,1.5526,1.5406,0.103,-0.219,1.4211,1.4065,0.967
2511126198101765376,7.327,0.332,-58.35,0.36095,0,1.19,1.1878,0.1,-0.11,1.1348,1.1323,1.264
2517397846786452224,6.694,0.541,-49.46,0.08509,0,1.8784,1.7255,0.107,-0.48,1.5849,1.5662,0.433
2518079166038469504,6.753,0.288,-53.77,2.1826,2,1.0243,1.0409,0.1,-1.201,1.0047,1.0046,2.104
2520805233320940416,7.227,0.379,-48.86,0.10684,0,1.2949,1.2918,0.1,-0.089,1.3037,1.3006,0.478
2525023990717424512,8.149,0.556,-67.23,1.48553,0,2.5458,1.122,0.662,7.692,2.3372,1.122,0.515
2526951915637955712,8.42,0.592,-68.23,0.23273,0,2.0508,2.0175,0.1,-0.208,1.6127,1.5167,0.423
2532906011619685120,8.238,0.598,-63.71,0.26046,0,2.633,2.5552,0.173,-0.011,2.3413,2.2087,0.469
2538159890494125184,6.041,0.346,-61.35,0.12925,0,1.3579,1.3573,0.1,-0.119,1.3024,1.0501,0.741
2538603509076058880,7.493,0.485,-59.53,0.682,0,2.1342,1.7523,0.714,2.656,1.9698,1.8263,0.494
2542650673939738752,7.364,0.514,-63.48,0.66013,0,2.2118,0.5,0.832,1.436,2.013,1.898,0.846
2545563658199285376,7.822,0.522,-61.29,0.37084,0,2.1732,0.5,0.811,2.348,1.9954,0.5,1.372
2548860475095432576,7.128,0.441,-58.05,0.14958,0,1.5629,1.5569,0.1,-0.14,1.4036,1.3981,0.659
2552059091858705024,6.26,0.537,-57.78,0.01305,2,2.381,0.5,0.799,2.996,2.056,0.5,0.751
2554005811555572480,7.916,0.596,-58.54,0.51465,0,2.6538,0.5,0.83,-1.824,2.5916,0.5,0.645
2554894732346840320,6.422,0.582,-57.6,0.06215,0,2.1822,2.6664,1.0,0.877,2.0713,2.091,0.918
2555236508664411264,8.297,0.589,-57.64,0.1959,0,2.5057,2.4853,0.1,-0.133,2.2865,2.2762,0.658
2559648367790112896,6.883,0.567,-58.79,0.03409,0,2.2966,1.952,0.334,1.35,1.9738,1.5849,1.003
2566130572951393408,6.46,0.49,-54.39,0.13638,0,1.8389,1.9511,0.96,3.018,1.7142,1.654,1.028
2574158313504213504,5.848,0.441,-49.2,0.33005,0,1.6922,1.689,0.1,-0.207,1.4444,1.4398,0.887
2578078244255968128,6.86,0.433,-54.32,0.08086,0,1.6929,0.5,0.846,0.806,1.5903,0.5,0.625
2579689922143890304,7.068,0.597,-52.62,0.18548,0,3.1623,3.8384,0.978,4.475,2.9551,1.5857,0.52
2583347791170879488,7.161,0.425,-51.13,0.62943,0,1.7761,1.0,0.809,3.317,1.6032,0.8913,0.699
2585010080953462016,7.128,0.559,-48.82,0.04368,0,2.2987,2.1369,0.104,-0.185,2.0059,1.9844,0.436
2592768234999073024,7.507,0.473,-44.68,0.16486,0,1.8017,1.7968,0.1,-0.087,1.6306,1.6123,0.68
2592836679597890688,5.903,0.345,-44.15,1.28863,0,1.3371,1.1,1.0,0.866,1.3241,0.9873,1.08
2599752642096501632,7.128,0.579,-51.69,1.93608,0,2.5365,2.5649,0.687,3.609,2.423,2.3468,0.729
2613232517214069888,7.258,0.567,-47.83,0.34081,0,2.6988,0.7079,0.93,2.732,2.3951,0.912,0.567
2617958767945945856,7.1,0.587,-44.29,0.24966,0,2.3131,2.2789,0.105,-0.14,1.8876,1.7467,0.956
2628435769433973888,7.507,0.546,-49.57,0.37962,0,2.4563,1.5841,0.437,3.867,1.9062,1.1082,0.59
2640222774604420736,8.163,0.586,-59.49,0.16126,0,2.3033,2.2839,0.1,-0.293,2.2794,2.2679,0.454
2672352226647436800,6.651,0.33,-37.81,0.08324,0,1.3882,1.1932,0.907,1.408,1.3235,1.0156,1.612
2672539624660390528,7.94,0.544,-37.68,0.7996,2,2.4751,0.5,0.784,1.38,2.1788,2.0085,0.802
2682603317150657664,8.027,0.559,-42.54,2.29645,0,2.3922,2.3768,0.105,-0.13,2.2595,0.5,1.094
2684398063724433024,6.316,0.431,-35.33,1.5506,0,1.502,1.4999,0.1,-0.077,1.5396,0.9747,1.02
2684504372754922880,7.687,0.479,-34.11,0.08534,0,2.2486,1.5849,0.613,9.09,1.8911,1.5075,0.722
2684599102553783680,6.582,0.522,-34.68,8.89748,0,1.7235,2.213,1.0,2.746,1.6515,2.0357,1.559
2691340620660590080,6.703,0.515,-32.14,0.14322,0,1.7884,2.2623,1.0,3.466,1.6862,2.0104,1.079
2692605986745612032,7.242,0.273,-31.68,0.04013,0,1.0779,1.0722,0.1,-0.603,1.0256,1.0254,1.732
2694635577835869056,8.287,0.596,-34.35,0.36704,0,2.5671,2.5224,0.199,0.093,2.33,2.1788,1.078
2696033233208484224,8.255,0.579,-38.68,0.17137,0,2.4831,2.3844,0.199,0.002,1.9868,1.5999,0.391
2698985387569609088,7.269,0.28,-32.31,0.10657,0,0.9847,0.9906,0.1,-0.807,0.9623,0.9621,1.521
2699288852779121152,6.708,0.444,-30.95,0.20084,0,1.6943,1.7479,0.854,1.562,1.5913,1.5119,0.69
2700361735609143808,7.994,0.593,-33.78,0.22983,2,3.1623,2.2387,0.736,6.051,2.7682,1.4125,0.543
2700373761517982848,7.778,0.552,-34.04,0.11737,2,2.9153,4.2878,1.0,8.062,2.7211,2.4291,1.09
2701125930550535936,7.592,0.51,-32.27,0.14889,0,2.1424,1.9701,0.354,1.9,1.755,1.4892,0.801
2701223546567215872,7.355,0.519,-33.19,3.54929,0,2.1424,1.9522,1.0,2.179,2.0313,1.5401,0.82
2717793736553222400,7.444,0.567,-40.57,0.22811,0,2.927,0.5,0.861,-0.241,2.4729,0.5,0.813
2739971332763004160,7.545,0.541,-57.16,0.16576,0,2.3426,1.9949,1.0,1.452,2.2477,1.5796,0.527
2746883550050748288,5.636,0.44,-52.46,0.04437,0,1.5772,1.5713,0.1,-0.222,1.4164,1.4111,1.266
2747402794414929280,7.784,0.524,-56.23,0.2221,0,1.8696,1.8537,0.1,-0.186,1.8049,1.7966,0.463
2751655189995388032,7.131,0.364,-51.04,0.57009,0,1.3633,1.3342,0.248,0.201,1.2792,1.2613,1.091
2751871106592354304,7.322,0.549,-53.52,0.07287,2,2.328,0.5,0.949,0.675,2.2509,2.2361,0.612
2752167287536005504,7.651,0.419,-52.78,0.2204,0,1.4247,1.4189,0.1,-0.134,1.1674,1.1597,0.829
2752338227234710912,7.527,0.551,-52.98,0.07506,0,2.447,0.5,0.787,-1.669,2.1449,0.5,0.905
2760545531781174528,8.102,0.572,-48.61,0.30965,0,2.2093,0.5,0.742,-4.867,2.248,0.5,0.417
2766659744144486656,7.863,0.473,-48.45,2.33552,0,1.6687,1.6551,0.102,-0.31,1.537,1.5281,0.618
2766659778504225792,7.221,0.379,-48.45,2.50055,0,1.3289,1.3271,0.1,-0.292,1.3421,1.3401,1.179
2767134252131256448,7.464,0.574,-47.7,1.78389,2,2.5873,2.8952,1.0,1.862,2.4767,2.3037,0.745
2768911028561373184,7.028,0.417,-46.92,0.07123,0,1.6202,1.6168,0.1,-0.052,1.5222,1.5191,0.742
2771484435526747520,8.626,0.582,-45.11,0.47379,0,1.5849,0.6764,0.345,0.733,1.1811,0.631,0.511
2774123675750055680,8.457,0.599,-42.54,1.1933,0,2.0385,2.008,0.1,-0.063,2.0889,2.0656,0.565
2779659579356185472,7.818,0.506,-48.15,0.11845,0,1.9885,1.9851,0.101,-0.144,1.9013,1.8963,0.779
2785089036493644800,8.218,0.565,-44.46,0.21278,0,2.2622,2.1776,0.14,-0.238,2.0529,2.0395,0.327
2785694725666225536,7.774,0.512,-44.21,0.09421,0,1.8544,1.8409,0.105,-0.08,1.8055,1.7948,0.57
2786203082290674048,5.241,0.542,-42.94,0.72034,0,2.5205,0.631,0.731,4.242,2.0945,0.631,0.599
2786483389036335104,8.272,0.575,-42.37,0.91096,0,3.6294,0.5,0.573,22.764,2.4231,0.5,0.87
2787564449484699264,6.934,0.554,-41.43,0.12694,0,2.4558,0.5,0.788,1.871,2.2757,0.5,0.422
2789120739474420992,7.333,0.503,-43.1,0.12902,0,2.1307,1.0,1.0,1.53,1.9768,0.7943,0.818
2791828561735680640,7.44,0.578,-39.77,0.11422,0,2.5119,2.4401,0.695,3.61,2.3788,2.2194,1.452
2792402403726114944,8.021,0.589,-46.85,0.62511,0,2.549,0.5,0.813,2.964,2.5211,0.631,0.683
2809005372903101824,6.212,0.553,-35.16,0.06577,0,1.4125,1.5705,0.471,29.225,1.5849,2.5119,5.834
2830732409863491072,7.467,0.46,-38.05,0.08167,0,1.7923,1.7399,0.273,0.3,1.5416,1.4659,0.773
2830971381843811584,7.169,0.476,-37.47,0.53736,0,1.9686,1.9631,0.1,-0.115,1.8027,0.5,1.037
2841029336257880192,6.471,0.551,-33.23,0.04375,0,2.3097,2.1705,0.215,-0.017,2.0391,1.9562,0.851
2842693893783623680,7.007,0.564,-32.33,0.42858,2,2.2216,2.7446,0.997,2.411,2.0447,2.0135,0.544
2844641816070874240,6.495,0.537,-32.12,0.13814,0,2.025,2.0391,1.0,1.534,1.9567,1.8967,1.218
2844987165800930560,7.182,0.585,-30.87,0.0852,0,2.6995,2.601,0.399,2.737,2.5731,2.3704,0.631
2857100313604317952,7.629,0.569,-34.08,0.62022,0,2.4594,2.2113,0.238,0.091,1.5849,1.2135,1.164
2858826134543154304,5.131,0.402,-32.89,0.02766,0,1.122,1.4979,0.9,14.725,1.161,1.1632,2.287
2860016562038670592,7.1,0.525,-33.47,0.04115,3,2.0895,1.9747,0.613,2.279,2.0122,1.9201,0.753
2866566387165728128,7.75,0.568,-33.09,0.72235,0,2.6174,1.0,0.883,1.107,2.4311,0.631,0.651
2866785052540493952,5.932,0.252,-32.1,0.85319,0,1.0847,1.1105,0.1,-1.721,1.1142,1.1139,2.82
2867612847357419008,7.921,0.555,-30.49,0.0198,0,2.2097,2.1887,0.1,-0.083,1.9862,1.9148,1.089
2869171645608418816,6.643,0.544,-30.21,1.32222,0,1.8953,1.9922,1.0,1.555,1.9309,2.024,0.638
2872707606284474368,7.511,0.544,-26.32,0.71231,0,2.0845,1.8839,0.313,1.009,1.6413,1.3811,1.08
2873601990273032320,7.388,0.518,-30.31,0.33912,0,2.1467,1.7739,0.999,0.893,2.0512,1.5985,0.751
2874496339902875776,7.268,0.563,-29.35,0.31864,0,2.543,2.6456,1.0,1.731,2.4001,2.1495,0.741
2876189725248409344,7.91,0.501,-27.41,0.03983,0,1.8005,1.7955,0.103,-0.205,1.6111,1.6145,0.84
2878963758726127104,8.051,0.594,-26.17,0.7291,0,2.4496,0.5,0.734,-3.564,2.3691,2.3516,0.775
2881270705919758848,7.544,0.571,-23.5,0.0429,0,2.8903,0.7039,0.695,5.457,2.4027,0.631,0.378
2884147852972839936,6.849,0.274,-25.2,0.18036,0,1.1637,1.1509,0.249,0.148,1.1018,1.0845,1.081
2885835427227915008,7.91,0.596,-23.69,1.62912,0,2.9062,2.6849,0.75,3.486,2.719,2.3292,1.63
2889357751382815872,7.495,0.379,-25.34,0.08257,0,1.1043,1.1007,0.1,-0.682,0.8418,0.8347,1.111
2891800075946029184,7.34,0.56,-19.9,0.06242,0,2.5032,2.4146,0.948,1.465,2.3465,1.9374,1.091
2893438309613686272,7.588,0.533,-19.15,0.01364,0,2.0759,1.9344,0.1,-0.573,1.8286,0.5,0.481
2893710374321212928,6.786,0.485,-16.87,0.04143,0,1.7828,1.7776,0.101,-0.106,1.6207,1.6139,0.449
2897984553974493312,7.713,0.569,-20.46,1.46148,0,3.1623,7.0795,1.0,5.064,3.1201,2.99,0.708
2902876109406840704,6.763,0.457,-27.08,0.274,0,1.4181,1.416,0.1,-0.276,1.5468,0.5323,0.948
2903621853168804864,7.951,0.562,-24.17,0.01657,1,2.3332,0.5,0.855,1.115,2.2611,0.5,0.505
2904104985449730816,8.088,0.587,-27.74,0.05192,0,2.8809,0.5012,0.784,2.673,2.5437,0.5,0.49
2905123854771321088,7.43,0.562,-31.61,1.41342,0,3.9518,0.7079,0.764,5.292,2.4323,1.1809,0.762
2907289476063560448,7.863,0.554,-27.63,0.09542,0,2.3301,2.3178,0.106,-0.246,2.0686,0.5,1.129
2907308172059100544,7.168,0.546,-27.75,0.01236,0,1.8334,1.6375,0.1,-0.149,1.5679,1.5487,0.635
2907602738096182784,6.069,0.46,-27.6,0.61587,0,1.9877,1.7534,0.405,3.355,1.588,1.3218,1.038
2908795983090230528,7.435,0.479,-27.16,0.24284,0,1.717,1.7092,0.102,-0.186,1.6116,1.6053,0.474
2909512448058315904,8.339,0.593,-22.0,0.0246,0,2.9588,0.5,0.538,4.538,2.4316,0.5,0.381
2909512452354630016,8.135,0.564,-22.0,0.02562,0,2.5064,0.5,0.635,0.735,2.2,1.4125,0.905
2910248953346842112,7.086,0.564,-22.26,0.00059,0,2.3329,2.3147,0.1,-0.127,1.9775,1.8818,0.575
2921037361441783296,7.161,0.54,-10.42,3.91518,0,2.5017,2.265,0.581,8.848,2.3419,2.1613,0.715
2926364529638066176,6.176,0.453,-11.84,0.05041,0,1.8666,1.8538,0.173,-0.01,1.6002,1.5638,0.93
2931113079842171648,7.311,0.374,-4.66,0.05828,0,1.4149,1.4125,0.1,-0.273,1.3219,1.3189,1.082
2931543023252045184,7.785,0.589,-1.47,0.45994,0,2.4316,1.4564,0.899,0.347,2.4585,1.4642,0.6
2931550307516510080,8.41,0.574,-1.92,0.41311,0,2.0569,2.0425,0.1,-0.343,1.4125,1.3871,0.625
2932346628813365504,4.56,0.52,-8.15,1.8152,0,2.0483,2.012,0.577,6.68,1.8995,1.8538,1.459
2933243933379592064,5.579,0.394,-8.15,2.16636,0,0.8171,1.122,0.786,764.474,1.0246,1.2925,14.094
2934241052985789568,6.177,0.544,-4.43,0.50065,2,2.8184,2.9266,0.933,2.263,2.4801,1.816,1.097
2935929421809332608,6.55,0.43,-3.37,0.06946,0,1.7541,0.5,0.809,1.268,1.5606,1.4771,0.795
2936902695753366528,8.322,0.586,-16.09,0.99711,3,2.4486,2.4179,0.1,-0.132,2.1252,2.0111,0.573
2938691704252262272,6.53,0.361,-13.79,1.24347,0,1.4244,1.3361,0.801,3.05,1.3962,1.2948,1.294
2938988125710128768,7.881,0.587,-13.51,1.50348,0,2.8685,0.5,0.537,4.459,2.553,0.5,0.749
2945329559030225664,6.921,0.295,-12.83,0.86288,0,1.3035,0.7028,0.988,0.534,1.2527,0.5001,1.488
2948264327364009728,7.295,0.543,-4.97,0.31607,0,1.938,1.9216,0.1,-0.118,1.9988,1.9937,0.629
2949585974700711424,7.71,0.583,-5.58,0.00753,0,2.4951,1.9135,0.868,0.477,2.51,1.9653,0.756
2950022171576148224,7.81,0.402,-10.66,0.00541,0,1.2531,1.2486,0.1,-0.375,1.0663,1.06,0.788
2951841382281841280,7.596,0.438,-10.56,0.00386,0,1.4053,1.3976,0.1,-0.343,1.3847,1.378,0.658
2953751268345003136,7.444,0.474,-8.39,0.26994,0,1.6692,1.6633,0.101,-0.271,1.6786,0.5,0.826
2954791234539940864,7.104,0.33,-32.4,0.53207,0,1.0006,1.0,0.1,-0.269,0.978,0.9744,1.127
2956669166040391040,7.192,0.313,-29.3,0.33691,0,0.9615,0.9601,0.1,-0.468,0.7908,0.7869,1.13
2960848512816931200,7.493,0.594,-34.06,0.01775,0,3.1623,5.8752,0.992,5.062,2.9694,1.5849,1.023
2961767464019823104,7.935,0.578,-29.66,0.48045,0,2.5852,1.4125,0.823,1.958,2.5175,1.4115,0.44
2963374846940486784,7.583,0.599,-26.5,0.77845,0,3.7049,1.6972,0.478,3.436,2.6816,0.7811,0.564
2967141533259094400,7.596,0.583,-24.01,30.84677,2,2.9536,0.5012,0.912,1.793,2.7652,0.5,0.746
2968427785767149952,5.73,0.588,-27.31,0.05659,0,2.4972,3.0793,0.921,2.986,2.3229,2.2869,0.803
2981411579280674048,7.877,0.478,-29.42,0.26583,0,1.6958,0.5,0.7,-3.095,1.5555,1.489,0.526
2984896069066283392,8.102,0.556,-26.51,0.05806,0,1.8704,1.8516,0.1,-0.659,1.6212,1.6089,0.778
2985353294104691712,7.656,0.562,-25.06,0.01756,0,2.5332,1.4125,0.793,3.122,2.3362,1.122,0.631
2985657480868113024,7.186,0.533,-24.87,0.33327,0,2.1759,2.3455,0.975,2.744,2.0598,1.9636,0.895
2988218312168738432,7.887,0.574,-27.65,0.03625,2,2.8903,1.5849,0.742,4.021,2.5544,1.4284,0.702
2990240245333062144,7.704,0.596,-26.84,0.07902,0,2.6052,2.3161,0.699,3.558,2.4958,2.2245,0.845
2992954630306470656,6.843,0.597,-16.61,0.00288,0,2.4271,2.393,0.1,-0.143,2.0776,1.9953,0.809
2994263083501397760,7.535,0.403,-16.61,0.30844,0,1.2938,1.2892,0.1,-0.464,1.1065,1.1,0.902
2994812049042760576,7.847,0.486,-14.44,0.00725,0,1.8255,1.7928,0.217,0.058,1.6787,1.6258,0.531
2995725777563537792,3.636,0.539,-18.47,0.57919,0,2.4612,2.2387,1.0,2.99,2.2474,1.4125,3.406
2996397785326071936,8.209,0.541,-22.56,0.07049,0,1.6229,1.6057,0.1,-0.33,1.3096,1.2921,0.474
2997513583469817984,7.755,0.568,-17.98,0.11092,0,2.1324,2.0145,0.1,-0.196,1.7078,1.6858,1.052
2997582921422547072,6.125,0.484,-17.09,0.59719,0,1.7831,1.6545,1.0,0.864,1.7418,1.5124,0.746
2997702871268833024,7.613,0.572,-16.73,0.07788,0,2.4093,2.3939,0.108,-0.146,1.9953,1.9355,1.472
2999964394892822144,7.498,0.409,-10.91,0.0695,0,1.5377,1.4697,0.334,0.953,1.4646,1.4076,0.75
3011341935053682688,7.242,0.569,-16.92,0.06965,0,2.2256,2.2152,0.1,-0.155,2.2329,0.5,0.777
3011517650756015744,7.308,0.506,-17.61,1.76252,0,2.1767,0.5,0.861,1.397,1.8983,1.8432,0.7
3016957621972757120,8.257,0.597,-19.22,0.06182,0,3.559,1.122,0.723,7.708,2.8342,1.122,0.526
3017087261266087552,8.204,0.574,-18.77,0.01995,0,1.9343,1.8374,0.18,-0.112,1.5849,1.4586,1.037
3017430721211367168,6.079,0.444,-15.87,0.98231,0,1.1552,1.5436,0.915,3.802,1.1946,1.1938,0.664
3020016669479810560,6.562,0.252,-12.7,0.06392,0,1.0395,1.0552,0.1,-0.535,1.0536,1.0535,1.088
3023084272561678976,7.888,0.53,-17.39,0.0175,0,1.7958,1.7526,0.1,-0.285,1.6302,1.619,0.399
3031968944998268928,5.677,0.584,1.05,3.75716,0,2.623,2.3316,0.861,2.556,2.5225,1.9953,0.742
3033176346204682880,7.248,0.44,1.77,0.79713,0,1.7298,1.2944,0.911,0.938,1.6582,1.1865,0.556
3035874582095035520,6.275,0.529,7.14,0.9357,0,1.8675,2.3508,1.0,1.922,1.7909,2.1467,0.508
3037414929164528128,6.677,0.387,7.41,0.42268,0,1.5132,1.5111,0.1,-0.18,1.4422,1.4404,0.669
3040678451475284096,7.264,0.353,8.77,0.22742,0,1.4674,0.5,0.778,4.479,1.3765,0.5,1.071
3041016757458939392,8.297,0.518,7.76,0.30482,0,1.122,0.944,0.257,0.149,1.122,1.0056,0.769
3043766601679801344,7.104,0.394,9.39,0.41198,0,1.5549,1.5528,0.1,-0.159,1.4135,0.5,0.74
3057432912738068096,7.101,0.478,9.56,0.04534,0,1.658,1.7064,0.101,-0.533,1.5609,1.5511,0.622
3058860284992107392,7.068,0.388,4.06,1.92197,0,1.6054,0.7051,1.0,0.656,1.4721,0.5,0.738
3065006795502406528,6.108,0.306,17.06,0.07382,0,1.2508,1.2503,0.1,-0.056,1.251,0.7511,1.284
3066432793364611712,7.868,0.496,19.28,0.56137,2,1.7194,1.6986,0.104,-0.3,1.6032,1.5944,0.687
3066501100524306176,5.551,0.312,19.02,0.05518,0,1.2945,1.2933,0.1,-0.063,1.2635,0.5257,1.515
3068540350999693952,6.919,0.411,12.92,0.45359,0,1.3374,1.3316,0.1,-0.224,1.1511,1.1452,0.521
3078016904276926720,7.124,0.595,20.39,1.0894,0,3.1623,3.5221,1.0,1.777,2.788,2.646,0.706
3086002004397666304,7.388,0.429,13.08,0.06708,0,1.3555,1.3521,0.1,-0.222,1.0004,0.9942,0.75
3090769418094029056,7.839,0.59,18.98,0.17706,0,2.2155,2.1847,0.1,-0.196,1.8943,1.8727,0.859
3095097714337449472,7.658,0.571,20.06,0.51896,0,2.8637,1.5849,0.752,4.145,2.5463,1.4125,0.505
3102275223166541184,7.609,0.353,-2.7,1.26738,3,1.1975,1.0411,0.286,0.324,0.868,0.8087,0.758
3108077758348046976,7.88,0.567,3.27,1.23159,0,2.1601,2.1368,0.1,-0.054,2.2799,2.2672,0.479
3111712292807388544,7.981,0.574,5.71,0.2045,3,2.9361,1.0861,0.757,2.787,2.5936,0.9198,0.494
3112879428701767808,7.472,0.574,2.19,0.76481,0,2.6251,2.4824,0.959,1.204,2.4853,2.0563,0.384
3115493655035745152,8.036,0.587,3.09,1.07345,0,2.8646,1.9093,0.739,1.864,2.7294,1.767,0.612
3116835329798057984,7.742,0.524,-8.36,0.12092,0,1.8613,1.8477,0.105,-0.342,1.6366,1.6253,0.816
3127855051948245760,7.602,0.466,2.23,0.47479,0,1.531,1.5191,0.101,-0.229,1.304,1.292,0.493
3130032428567740928,6.812,0.499,-2.52,0.81891,0,2.1972,0.5,0.773,1.117,1.7825,1.5399,0.399
3131834184531348736,7.083,0.403,-0.67,0.02499,0,1.4596,1.458,0.1,-0.192,1.4439,1.4422,0.484
3137221310466630272,7.865,0.6,13.27,0.058,0,2.9422,2.7886,0.187,-0.037,2.1556,1.9302,0.727
3145477818158061056,5.771,0.499,18.24,0.36612,0,1.8138,0.5,0.797,-6.148,1.8457,1.8403,1.072
3156070994218166912,7.195,0.418,9.63,0.19262,0,1.4251,1.4222,0.1,-0.217,1.4692,1.4665,0.696
3164603994721929600,7.202,0.546,19.64,0.10071,0,1.7161,1.6977,0.1,-0.331,1.733,1.7134,0.84
3171158595851245568,7.852,0.584,-37.5,0.76722,0,2.4939,2.4523,0.111,-0.155,1.7783,1.6835,0.709
3174838455110923648,7.232,0.586,-35.47,2.8336,0,2.6526,1.9215,0.858,1.367,2.444,1.6615,1.138
3176445769312285952,7.583,0.451,-42.34,1.22791,0,1.6469,1.6391,0.1,-0.213,1.4893,1.4821,1.312
3177315586086823552,7.703,0.549,-37.75,1.42427,0,2.2035,2.1672,0.159,-0.035,1.8917,1.7872,0.651
3179681906910804480,7.687,0.567,-32.32,0.06438,0,2.4693,0.5,0.79,0.337,2.2903,2.2445,0.697
3180145797738356480,8.02,0.569,-30.62,1.2907,0,2.5304,2.5119,0.172,0.011,2.2177,2.0504,0.534
3214463960822367616,7.133,0.518,-24.31,0.03089,2,2.0806,1.7082,0.88,0.323,2.0127,1.5918,0.588
3214544190811378688,6.969,0.563,-24.1,1.08286,0,2.4468,2.3405,0.749,1.701,2.3365,2.1638,0.72
3215139851235339904,6.051,0.567,-21.93,0.03374,0,2.8184,2.5914,0.623,6.714,2.4606,2.2735,1.043
3215383633579264128,7.666,0.565,-22.94,0.19898,0,2.1602,2.1392,0.1,-0.287,1.9052,1.8867,0.564
3215795435043618432,5.913,0.411,-17.61,0.00619,0,1.4083,1.4013,0.1,-0.205,1.165,1.1589,0.845
3216475586064798464,7.461,0.386,-16.69,0.52432,0,1.5113,0.5,0.78,2.78,1.3934,1.3234,1.781
3223884404650487040,7.387,0.592,-16.21,0.41985,2,2.7727,2.5119,0.358,1.611,2.4463,2.0867,0.981
3225408155967879296,6.252,0.395,-25.45,0.56082,0,1.2074,1.2015,0.1,-0.303,0.9525,0.9464,1.438
3225790442417135872,7.184,0.406,-29.09,1.02026,0,1.6997,1.1162,0.947,2.355,1.5604,1.0387,0.881
3226471280633733632,6.15,0.572,-25.7,1.65123,0,1.3374,2.0137,1.0,31.008,1.4125,2.0137,1.496
3230129184019884288,7.388,0.578,-26.79,0.0726,0,2.8539,2.6415,0.286,0.463,2.0565,1.6273,0.753
3231596585366143360,6.838,0.312,-24.61,1.26944,0,1.1059,1.1042,0.1,-0.105,1.0551,1.0528,1.184
3236161070450032640,7.662,0.584,-17.51,0.10033,0,2.4204,2.0322,0.297,0.651,1.6673,1.2702,1.223
3236272907101649664,7.541,0.6,-16.94,3.30592,0,3.2425,2.5119,0.385,2.111,2.3641,1.6776,0.521
3236948217695620352,8.409,0.592,-14.98,0.00393,0,2.6083,2.4727,0.211,0.027,2.5263,2.3998,0.405
3242451548271222144,7.655,0.393,-16.99,0.00232,0,1.4243,0.9367,0.537,6.414,1.2396,0.835,1.448
3253255727482830848,7.627,0.599,-37.7,0.05311,0,2.5863,2.567,0.1,-0.182,2.3706,2.357,0.604
3258422126463146496,7.842,0.572,-35.02,0.54892,2,2.5667,0.631,0.929,1.194,2.424,0.631,0.482
3267440286473339264,7.981,0.548,-44.61,0.30484,0,2.3603,2.3297,0.106,-0.141,2.1692,2.1313,0.592
3280170432100833664,7.68,0.529,-30.81,0.14927,0,2.1125,2.0972,0.106,-0.188,1.8888,0.5,0.822
3284750928822901760,7.739,0.576,-31.78,0.20064,0,2.3245,2.3079,0.1,-0.055,2.3879,2.3731,0.774
3285426613077584384,6.268,0.56,-27.59,0.2543,0,2.276,0.5,0.783,-0.944,2.1707,2.1494,0.629
3286672772068453504,7.495,0.524,-27.6,0.03081,0,2.0153,2.0071,0.104,-0.168,1.9086,1.9005,0.434
3288709273762668544,6.328,0.537,-21.24,0.46404,1,2.2466,2.2997,1.0,2.042,2.1395,1.974,0.816
3290872562889409024,5.382,0.317,-17.46,0.19926,0,1.2672,1.2667,0.1,-0.043,1.2426,0.9094,1.348
3294404022439950720,6.731,0.543,-21.01,0.19105,0,2.1236,0.5,0.762,-3.41,2.0459,2.0401,0.498
3298301688080775040,7.283,0.447,-31.76,2.05474,0,1.8254,1.3234,1.0,1.429,1.7353,1.1365,0.686
3303718500832809600,7.868,0.599,-29.27,0.27494,0,2.2723,2.2387,0.1,-0.354,2.0694,2.0404,0.974
3307528033746225664,6.518,0.572,-22.65,0.25083,0,2.5039,0.5,0.771,-2.594,2.3314,0.5,0.471
3307782570688378496,5.341,0.368,-22.97,0.18802,0,1.4881,1.4117,0.595,4.595,1.3935,1.3257,1.834
3308191314135894784,7.099,0.585,-21.75,3.75742,0,3.0292,1.795,0.8,2.938,2.7324,1.4106,0.848
3308799893823282688,7.98,0.593,-19.7,0.43901,0,2.8247,1.0465,0.804,3.035,2.6602,1.122,0.48
3309967059774839808,6.535,0.585,-20.5,0.1463,0,2.6008,0.5,0.802,-1.676,2.4703,0.5,0.587
3309990523179108480,5.703,0.437,-20.12,0.45363,0,1.6333,1.5515,0.658,4.346,1.5782,1.5168,1.368
3310598213808461952,7.659,0.579,-25.15,0.61411,0,2.6505,1.9953,0.807,1.942,2.5425,1.8771,0.509
3310634944368705664,5.511,0.391,-24.8,0.26928,0,1.4377,0.5,0.893,1.528,1.4386,0.5,1.135
3311000119668435200,5.644,0.427,-24.38,0.00192,0,1.564,1.5601,0.1,-0.115,1.5104,1.5077,0.944
3311024789960504576,6.499,0.549,-24.26,0.21545,0,2.0866,2.0324,0.107,-0.465,2.0069,1.9985,0.401
3312628358950130176,5.418,0.329,-21.75,0.24665,0,1.3196,1.3188,0.1,-0.173,1.2678,1.2667,1.196
3312636742726268032,7.761,0.58,-21.54,0.76812,0,2.8184,2.4073,0.825,1.696,2.5425,1.9354,0.89
3312637842237882880,5.929,0.465,-21.42,0.16922,0,1.7892,1.7851,0.1,-0.053,1.7243,0.5012,1.18
3312837025641272320,6.407,0.584,-21.44,0.22006,0,2.8695,1.5849,0.746,4.01,2.5502,1.1959,0.829
3313052014525268224,6.559,0.254,-20.79,0.04367,0,1.2251,1.2405,0.221,-1.183,1.1921,0.5,1.729
3313482507687157888,7.807,0.557,-19.71,1.25343,0,2.3756,0.5,0.757,-2.603,2.1226,0.5,0.637
3313842529024545664,5.574,0.4,-22.41,0.86327,0,1.4616,1.4516,0.239,0.239,1.4332,1.2199,1.651
3313947704182762240,6.856,0.591,-22.04,0.2596,0,2.3588,2.3409,0.1,-0.324,2.3892,2.3754,0.915
3313984606542996096,7.435,0.507,-21.53,0.23623,0,2.2672,1.9302,0.749,2.6,2.062,1.9253,0.535
3315926790754741504,7.756,0.526,-10.94,0.07898,0,2.5081,0.7079,0.902,1.924,2.155,0.631,0.595
3315967541404032896,7.68,0.587,-10.37,0.08497,0,2.6749,0.5,0.77,0.758,2.5377,0.5,0.583
3320316831446869888,6.03,0.447,-12.81,0.00819,0,1.7249,1.4986,0.893,1.69,1.6681,1.3909,1.242
3323349112719138688,7.652,0.465,-6.57,0.33013,0,1.8216,1.8172,0.1,-0.122,1.6968,1.6922,0.505
3328218123866922112,7.229,0.546,-5.19,1.1914,0,2.3854,0.5012,0.979,1.494,2.1991,0.5,0.547
3329351381055212800,6.836,0.581,-5.51,2.02567,0,2.3364,2.3739,0.635,2.197,2.2274,2.1914,0.803
3334943325393511424,6.997,0.525,-10.33,0.09065,0,1.9748,1.7054,1.0,1.817,2.0005,1.7217,0.687
3339560999352744960,7.833,0.529,-10.76,0.19969,0,1.6977,1.6838,0.1,-0.199,1.5849,1.5817,0.538
3340344848064205568,7.702,0.491,-10.01,0.03228,0,1.5464,1.5375,0.104,-0.273,1.5602,1.5519,0.729
3342903068025534464,7.273,0.329,-7.08,2.76446,3,0.7786,0.7761,0.1,-0.587,0.9208,0.917,0.896
3344425685471165952,6.969,0.516,-2.6,0.2561,0,2.1579,0.5,0.858,0.48,2.0177,2.0005,0.394
3354619051615043456,8.121,0.52,7.58,0.18773,0,2.1432,0.9143,0.595,9.032,2.0492,0.9938,0.915
3355243608580317568,7.016,0.322,2.19,0.02873,0,1.0892,1.0859,0.1,-0.061,1.1166,1.1129,0.574
3362140260902553984,6.681,0.583,15.03,0.25162,0,2.8211,2.7977,0.134,-0.063,2.0947,1.929,0.45
3365138246858175104,7.376,0.32,10.15,0.16136,0,1.0129,1.0107,0.1,-0.271,1.0433,1.0402,0.861
3370116290051419520,7.598,0.314,-0.21,0.54032,0,0.7694,0.7653,0.1,-0.187,0.7072,0.7011,0.752
3378595105247894528,8.021,0.566,9.53,1.61937,0,2.6592,2.3509,0.354,0.823,2.1806,1.6787,0.618
3381953838393551104,7.81,0.447,11.73,0.11372,0,1.58,1.5735,0.1,-0.241,1.4118,1.4042,0.654
3382205557837836288,7.139,0.313,6.29,0.20635,0,1.1392,1.1354,0.1,-0.178,1.1519,1.1491,0.804
3389208897148204416,8.096,0.586,-11.37,0.08964,2,3.1623,1.7982,0.689,10.355,2.717,1.5849,0.722
3391100228946699136,7.241,0.505,-10.47,0.00927,0,1.9835,0.5,0.865,1.684,1.9396,0.5,0.531
3391785843165914496,6.589,0.545,-15.26,1.0687,0,2.3767,2.4893,0.884,2.485,2.2263,2.0346,0.657
3393284752392701312,6.645,0.594,-16.01,0.28073,0,2.6942,2.5407,0.274,0.318,2.5429,2.3177,0.824
3397032128539658368,5.479,0.316,-7.91,0.22018,0,1.2763,1.2691,0.249,0.26,1.2771,0.624,1.668
3400001973867513472,7.414,0.422,-3.75,0.28446,0,1.3973,1.122,0.594,-0.109,1.3871,1.3858,0.923
3406010774850360064,7.473,0.556,-17.74,0.07532,0,2.4186,1.2388,0.899,1.396,2.3204,1.077,0.814
3406335336938383104,7.941,0.554,-17.06,0.22381,0,1.8812,1.8541,0.1,-0.226,1.741,1.7217,1.042
3408463510414294784,6.29,0.401,-14.84,0.27696,0,1.4938,1.4917,0.1,-0.153,1.4719,0.5,0.959
3413637880853263616,7.437,0.544,-12.27,0.61563,0,2.1172,2.047,0.204,0.084,2.0378,1.9927,0.64
3414082525931242368,7.751,0.557,-11.19,0.23601,2,1.986,1.9628,0.1,-0.2,2.0569,2.0462,0.577
3418944570647006592,7.898,0.564,-8.8,0.09131,0,2.4291,1.1368,0.838,1.728,2.442,1.122,1.067
3419694849892611328,6.243,0.482,-11.54,0.09678,0,1.7096,1.6987,0.103,-0.108,1.6168,1.609,0.647
3422091372924795776,5.972,0.342,-7.06,0.26702,0,1.1926,1.1912,0.1,-0.27,1.2682,0.6626,1.448
3422421879248628992,7.224,0.395,-5.1,1.75024,0,1.375,1.3723,0.1,-0.353,1.4139,0.5,1.098
3428665078071246976,7.036,0.507,-3.57,0.98186,0,1.8505,1.6597,0.263,0.104,1.5662,1.4429,0.482
3429156594127821440,7.568,0.362,-0.51,0.02142,0,1.3674,0.5,0.741,-0.307,1.2211,1.1512,1.086
3431617850909731200,7.419,0.505,2.86,0.88266,0,2.268,1.597,0.993,1.408,2.0752,1.313,1.185
3433951220740181248,6.928,0.508,6.96,0.03874,0,1.8239,1.7548,0.258,0.092,1.6932,1.6051,0.842
3448542805193621888,6.694,0.558,2.35,0.11307,0,2.4585,1.0441,0.887,1.507,2.3011,0.9981,0.582
3450631808564722304,6.128,0.587,5.07,0.08639,0,2.6477,2.4753,0.703,3.09,2.4962,2.2648,0.95
3450633079875076480,6.682,0.597,5.0,1.38983,0,2.5111,2.4653,0.601,3.269,2.3532,2.3106,0.914
3452686417838855168,6.572,0.597,8.94,4.06615,0,3.1968,1.0,0.988,2.12,2.8954,0.631,0.523
3454458486988194304,7.371,0.517,4.02,0.19451,0,2.2433,2.0374,0.707,3.393,2.0661,1.8758,0.576
3457002031040964096,8.384,0.577,7.36,0.13465,0,3.0996,0.5,0.704,6.149,2.5303,0.5,0.836
3461102285997183872,6.041,0.256,24.3,0.10881,0,1.2264,0.5,1.0,-5.126,1.1839,0.5,2.135
3463568181340074240,7.776,0.598,23.42,0.19013,2,4.1281,0.5622,0.796,6.216,2.9104,1.9953,0.522
3467506494551994624,6.994,0.592,29.86,0.12277,0,2.6108,2.567,0.187,0.076,2.523,0.5,0.881
3470081516424001280,6.95,0.272,30.64,0.97871,0,1.1958,1.1943,0.1,-0.19,1.0672,1.0647,1.311
3476391648015146624,6.759,0.541,36.51,1.40253,0,2.2858,2.0943,0.3,0.594,2.0267,1.8944,0.622
3485379399659163008,8.141,0.593,34.01,0.19147,0,1.5849,1.5849,0.1,-0.325,1.2433,1.2092,0.565
3487162567000387072,6.906,0.572,34.29,1.34013,0,2.9764,0.5,0.77,1.769,2.3872,1.9823,0.645
3489916190792497280,6.702,0.588,38.79,0.7894,2,2.5119,2.5119,0.503,17.447,2.5119,2.7107,2.652
3496266901235127808,5.317,0.471,35.63,0.15117,0,1.8826,1.8775,0.1,-0.024,1.7406,1.7354,0.424
3497935856806670720,7.119,0.508,38.15,0.24755,0,1.9432,1.9296,0.103,-0.204,1.731,1.7206,0.482
3498999428147988736,6.872,0.47,39.79,0.23803,0,1.6105,1.6028,0.1,-0.17,1.3108,1.3006,0.568
3506267371806255616,7.485,0.587,41.48,0.3875,0,3.0629,2.31,0.821,2.464,2.6721,1.6111,0.566
3511453252758549120,7.057,0.445,45.53,0.52149,0,1.6879,1.3565,1.0,0.416,1.611,1.1561,0.454
3515784744456187520,5.931,0.533,43.05,0.21711,0,1.807,2.2262,1.0,3.087,1.7072,1.6999,1.153
3516544468336803456,7.34,0.579,42.83,0.3582,0,2.6822,1.0,0.822,1.954,2.5189,0.7079,0.48
3517588424562429696,7.528,0.478,41.68,0.25428,0,1.7889,1.7534,0.182,0.016,1.6492,1.6074,0.798
3517842274309795584,7.336,0.598,41.97,0.31074,0,2.4069,2.7918,1.0,2.387,2.356,2.6226,0.671
3519308816662586496,7.03,0.591,43.27,1.203,0,2.125,2.683,0.913,1.876,2.0376,2.5492,0.692
3519507965705964672,6.532,0.597,44.22,0.20529,0,2.33,2.7715,1.0,1.668,2.2733,2.2864,0.715
3523295027349309312,7.034,0.506,45.56,0.95032,0,2.0617,0.6721,1.0,1.702,1.9788,0.631,0.493
3524597879908969600,7.157,0.471,47.9,0.28593,0,1.4798,1.4606,0.104,-0.097,1.4125,1.4125,0.585
3525130799450804608,7.425,0.555,48.92,4.43956,0,2.6452,0.5012,0.921,0.301,2.3136,2.2128,0.381
3526420114274019456,4.21,0.526,46.42,0.05195,0,2.2581,1.5953,0.673,6.043,2.0178,1.4313,0.894
3528915662071049728,6.895,0.418,49.69,0.31789,0,1.515,0.5,0.868,-1.161,1.5051,1.5028,0.797
3532314252513733888,4.768,0.527,29.9,0.20123,0,1.5849,2.3285,1.0,5.129,1.5434,2.1314,1.207
3535260462639903616,7.355,0.386,35.83,0.31885,0,1.1043,1.0986,0.1,-0.183,0.9583,0.9515,0.748
3538015632620648832,7.027,0.325,34.87,0.37187,0,1.3787,1.3782,0.1,-0.133,1.2712,1.2693,1.024
3540935488827292416,7.216,0.59,39.13,1.49245,0,2.2387,3.1623,1.0,7.852,2.2866,2.2683,0.754
3541020872776992384,8.243,0.55,36.98,0.32677,0,1.4125,1.4125,0.1,-0.39,1.4125,1.4101,0.676
3544976194059136768,7.759,0.598,38.81,2.22158,0,2.6049,2.5151,0.135,-0.113,2.0095,1.9552,0.703
3546303712614228736,4.96,0.6,39.37,0.90142,1,1.5849,2.5119,1.0,28.679,1.7186,2.441,1.483
3546445828789091968,8.198,0.587,40.29,0.4011,2,2.6828,0.5,0.747,-0.892,2.6158,2.6026,0.66
3549727974076569856,7.385,0.552,33.71,1.82902,0,2.2006,2.1845,0.963,1.821,2.1727,2.067,0.967
3561993816558511232,6.977,0.499,45.29,0.18297,0,1.9047,1.7531,0.352,0.561,1.718,1.5346,0.539
3565097531724470144,7.163,0.377,43.48,0.28016,0,1.3963,1.3943,0.1,-0.26,1.3511,1.3485,0.82
3568566765788544512,8.177,0.548,44.55,0.36825,0,1.722,1.6994,0.1,-0.079,1.8477,1.8348,0.609
3569041067617353856,7.478,0.579,45.85,0.34249,0,2.6225,2.2118,1.0,1.77,2.5254,1.9408,0.818
3571353959044059648,7.998,0.503,49.58,0.3968,0,1.5175,1.4678,0.1,-0.372,1.4752,1.4644,0.465
3572223294786421632,7.822,0.465,45.64,0.41223,0,1.5609,1.5529,0.102,-0.245,1.5379,1.5303,0.502
3574381842269217152,6.71,0.436,49.17,0.28821,0,1.5732,1.1989,1.0,1.526,1.5857,1.0982,0.743
3575045122659589760,6.248,0.547,48.07,0.57576,0,2.539,1.0,0.858,1.541,2.2555,0.9603,0.454
3575541998835891456,7.339,0.594,50.34,0.23924,0,2.5354,2.2955,0.23,0.186,2.2019,1.9953,0.392
3575663185633472256,7.309,0.59,49.89,0.2865,0,2.9332,2.7316,0.261,0.178,2.5513,2.2956,0.487
3576163772660730112,7.307,0.363,48.58,0.44751,0,1.1995,1.1967,0.1,-0.188,1.1995,1.1967,0.667
3576965797672908928,8.023,0.561,51.45,3.02381,0,2.7975,2.4779,0.441,4.349,2.4896,1.122,0.827
3582411644407324416,7.456,0.594,52.85,5.26756,0,2.8184,2.6661,0.432,2.151,2.6276,2.5495,0.648
3584228857953127040,7.715,0.594,55.47,2.36493,0,2.895,0.5012,0.902,1.102,2.7051,0.5,0.676
3587098690677316352,8.037,0.566,48.97,0.33298,0,2.4648,0.5,0.721,-0.376,2.3022,0.5,0.986
3596384135093726848,6.51,0.377,55.95,12.06609,0,1.4328,1.4321,0.1,-0.248,1.4205,1.144,1.246
3596648395841195776,7.143,0.51,56.12,0.32182,0,2.0962,0.5179,1.0,2.006,1.9708,0.5,1.257
3597178944562299392,6.88,0.531,57.9,0.32445,0,1.9972,1.9953,0.104,-0.142,1.8132,1.8065,0.854
3597178978922038528,6.493,0.45,57.9,0.75099,0,1.6799,1.6752,0.1,-0.104,1.5234,1.5195,0.626
3597946884714211200,6.859,0.565,57.61,0.20128,0,1.9953,1.8988,0.228,0.115,1.6525,1.4586,0.516
3602932207872630656,5.98,0.264,43.1,0.25312,0,1.1175,1.1481,1.0,-0.385,1.1282,1.1293,2.321
3609064115501251072,7.466,0.591,49.05,0.25744,0,2.7761,1.5849,0.815,1.777,2.6263,1.4882,0.607
3609815253741764480,7.608,0.36,48.2,0.50793,0,1.2479,1.2432,0.1,-0.15,1.0006,0.999,1.114
3610697371304770816,7.039,0.557,49.96,0.55113,0,2.6126,1.758,0.658,8.039,2.4162,1.6975,0.721
3613372964131645312,7.343,0.576,48.87,0.37186,0,2.7003,2.4733,0.209,0.018,1.9579,1.6204,0.86
3619394164682948352,7.899,0.589,51.57,0.43896,0,2.8184,2.3845,0.808,1.144,2.6094,2.0437,0.588
3623497335919494144,6.815,0.461,51.8,3.98759,0,1.8982,1.0876,1.0,0.81,1.7423,0.8552,0.389
3630748718183810432,6.96,0.416,53.79,0.38072,0,1.6483,0.6327,1.0,0.078,1.564,0.5012,0.88
3631698043395203584,6.037,0.434,55.1,0.4899,0,1.7151,1.0208,0.908,0.86,1.6237,1.1226,0.85
3635080656558301184,5.657,0.571,56.73,1.01085,0,3.1623,2.3273,0.4,3.483,1.9953,1.1192,0.773
3640867489334565120,6.8,0.47,51.27,1.03999,0,1.8145,1.9255,0.955,2.19,1.6769,1.6083,0.558
3642234216647456512,6.967,0.509,50.62,0.31006,0,1.9912,1.9908,0.103,-0.126,1.8417,1.8341,0.534
3646180123361308032,7.22,0.52,54.11,0.41815,0,2.269,2.1472,0.684,1.972,2.0447,1.89,0.761
3656683002027271808,7.555,0.567,55.67,0.25585,0,2.1871,2.1296,0.158,-0.091,1.9656,1.898,0.461
3657393939373870592,8.265,0.582,56.26,1.61451,0,2.5015,2.5261,0.111,-0.468,2.2776,2.2125,0.5
3662636823132300032,3.374,0.312,60.39,0.6888,0,1.3157,1.2977,0.461,0.742,1.2263,1.0794,5.005
3663859548781484672,5.863,0.31,59.61,0.39759,0,1.0823,1.1402,0.721,3.506,1.0773,1.1039,1.622
3669912287277571456,8.201,0.558,58.4,0.5378,0,2.0762,2.0546,0.1,-0.091,1.9247,1.9125,0.311
3670945282747190528,7.813,0.588,61.56,0.61605,0,2.7589,2.4616,0.718,2.688,2.5746,2.2293,0.539
3675611610095642240,6.881,0.585,55.24,1.16424,0,2.9023,2.6428,0.277,0.237,2.1958,1.8939,0.594
3676369207967084160,7.967,0.547,55.22,0.46508,0,2.5508,0.7819,0.81,1.89,2.2273,1.7687,0.652
3677043861429945984,7.632,0.592,57.33,0.58758,0,2.7758,0.7079,0.794,2.053,2.5767,0.5553,0.728
3679803154579458816,7.253,0.58,56.45,3.56461,0,3.0208,1.7863,0.768,3.457,2.7377,1.4345,0.383
3680994337989364608,6.123,0.575,57.75,0.60553,0,1.5473,2.1887,0.969,3.069,1.5408,1.8824,1.635
3688223626941592320,7.35,0.525,63.4,0.32828,0,1.9953,1.9758,0.104,-0.174,1.6797,1.6698,0.706
3694102028419790848,7.371,0.549,58.47,1.56859,0,2.1529,2.1411,0.1,-0.163,2.05,0.5,0.832
3698950050066191488,7.714,0.426,60.47,0.54626,0,1.2629,1.1832,0.1,-0.553,1.1697,1.1622,0.602
3701742362923334144,8.269,0.559,65.49,1.47727,0,1.9953,1.9855,0.1,-0.289,1.9341,1.9177,0.765
3704034672868995456,7.598,0.496,66.6,1.95109,0,1.663,1.6533,0.104,-0.185,1.5754,1.5658,0.692
3704896896143520384,7.188,0.33,67.11,0.5584,0,1.3555,1.3535,0.1,-0.106,1.1729,1.1703,1.417
3705980155614877696,7.61,0.516,68.15,0.65805,0,1.9861,0.5,0.712,-4.029,1.7669,1.6754,0.548
3707826373077490176,7.042,0.546,67.1,0.39749,0,2.3711,2.3588,0.106,-0.175,2.2086,2.1977,0.503
3716628375973783168,7.304,0.495,66.39,0.37162,0,1.7196,1.7114,0.102,-0.114,1.5999,1.5936,0.557
3719747175065572224,7.66,0.576,69.32,0.48396,0,2.7611,2.1247,0.781,3.526,2.4702,1.6455,0.94
3721587104695666176,6.719,0.477,66.54,0.35704,0,2.0229,0.5623,0.865,1.92,1.8538,0.5623,0.589
3724709133602630528,6.059,0.568,67.74,0.23753,0,2.4922,2.3879,0.281,0.485,2.0186,1.7494,1.452
3728039760481678592,6.804,0.547,69.23,1.81192,0,2.2794,0.5,0.838,0.291,2.1198,2.0844,0.566
3728478706139382016,7.141,0.342,69.59,1.76723,0,1.0233,1.0209,0.1,-0.485,0.9617,0.9577,1.258
3736371516000057728,8.117,0.544,73.37,0.55335,0,2.2206,2.2086,0.1,-0.221,2.0709,2.0633,0.82
3741537365224765056,6.446,0.349,73.18,0.32636,0,1.453,1.4511,0.105,-0.011,1.3159,1.3136,1.066
3741681263808931072,7.071,0.445,74.06,0.56682,0,1.6615,0.5,0.912,0.991,1.6612,0.5,0.57
3746056048777297024,7.329,0.59,76.47,0.52373,3,2.5194,2.3246,0.626,2.781,2.382,2.2222,1.014
3750937536806957312,8.017,0.511,37.84,0.3984,0,1.4125,1.4125,0.1,-0.278,1.4125,1.4125,0.794
3754130381134797056,7.394,0.523,36.45,0.29616,0,2.3155,1.4125,0.895,1.386,2.143,1.129,0.541
3755488209275682944,7.336,0.543,38.72,0.30022,1,2.1112,2.0775,0.108,-0.375,2.067,2.0562,0.612
3765798226730142464,7.165,0.583,35.48,0.1441,0,2.2948,2.2708,0.1,-0.134,2.2143,2.1935,0.806
3765830731042610432,8.463,0.581,36.0,0.2687,0,1.7322,1.7021,0.1,-0.188,1.876,1.8552,0.528
3779009683571498240,7.633,0.544,41.09,0.19888,0,1.8851,1.8548,0.101,-0.269,1.6171,1.6007,0.571
3810843293974876544,7.49,0.53,57.14,0.27156,0,2.0127,1.9978,0.108,-0.158,1.7174,1.7052,0.404
3823639612161608448,8.392,0.591,31.49,0.21816,1,2.5872,2.4568,0.238,0.219,2.292,2.0833,0.554
3825101829483223424,6.827,0.56,31.11,0.31528,0,2.4187,2.217,0.933,1.496,2.2667,1.895,0.853
3826266006138524416,7.403,0.534,36.14,1.28828,0,2.1308,2.1022,0.106,-0.158,1.8264,1.7922,0.424
3833132421894250240,7.147,0.372,40.42,0.59388,0,1.3931,1.0446,0.709,-9.029,1.301,1.299,0.674
3837669590986594432,6.905,0.338,32.66,1.86103,0,1.2529,1.2514,0.1,-0.227,1.1906,1.1885,0.897
3843584997903026560,7.895,0.576,31.09,1.04264,0,2.5679,0.5,0.757,-1.85,2.2439,2.1643,0.501
3845384108163674240,7.704,0.465,33.32,0.4157,0,1.5148,1.4544,0.245,0.194,1.3813,1.3076,0.556
3854770638930042496,6.947,0.443,42.75,0.46635,0,1.7113,1.341,0.98,0.152,1.6327,1.3008,0.576
3861358122329606144,8.187,0.59,47.48,0.65142,0,2.3254,0.5,0.733,-10.653,2.2159,2.1997,0.569
3863162489630501888,7.795,0.541,50.49,0.37883,0,2.1031,0.5,0.867,-1.334,2.0799,0.5,0.538
3878431854281666816,7.05,0.556,46.91,1.8198,0,2.3052,2.3464,1.0,2.393,2.1568,2.0204,0.992
3879540093283503872,7.386,0.396,46.36,2.72771,0,1.4909,1.4887,0.1,-0.059,1.3362,1.3289,0.634
3883953361158205184,7.895,0.543,54.52,0.43083,0,2.5289,1.0,0.822,2.095,2.2129,0.6898,0.469
3885036002154726912,8.125,0.564,58.5,0.43026,1,2.1831,2.153,0.1,-0.186,2.0923,2.0775,0.468
3889691712344209280,7.499,0.59,57.65,0.59477,0,2.3628,2.3328,0.112,-0.235,2.2229,2.2011,0.494
3904295219625719552,7.499,0.517,73.3,0.77305,0,2.1725,1.4125,0.957,1.7,2.0863,0.9234,0.488
3913728032959687424,7.459,0.585,62.03,0.46267,1,2.6751,2.6211,0.202,-0.034,2.3736,2.2126,0.435
3918699990181185408,7.809,0.587,70.55,0.45809,0,2.3535,2.3291,0.113,-0.173,2.22,2.1971,0.677
3931257718640313856,8.291,0.597,78.17,3.12612,0,2.9489,0.5,0.802,0.47,2.7093,0.5,0.479
3935130748348712832,7.473,0.595,78.98,3.0766,0,2.4689,2.8522,1.0,2.237,2.4846,2.8047,0.591
3938447493893947776,7.208,0.553,78.34,0.6338,0,2.1147,2.0951,0.1,-0.164,1.8464,1.8252,0.454
3939785599545548800,7.502,0.389,80.67,0.90478,0,1.5167,1.4796,0.261,0.297,1.3146,1.275,0.675
3941895081321728896,7.125,0.563,82.03,0.30668,0,2.3359,2.3416,0.104,-0.088,2.2102,0.5,0.492
3943394845252502144,5.976,0.547,83.13,0.58656,0,2.6187,2.5344,0.508,11.879,2.5351,2.4107,1.288
3944237075449017984,6.767,0.412,84.08,1.47887,0,1.5576,1.5423,0.975,1.006,1.5323,1.4159,0.579
3956998694596150912,8.144,0.575,85.96,0.79247,0,2.1113,2.0499,0.149,-0.105,2.0077,1.9793,0.611
3960789123493127296,8.205,0.564,86.09,0.71467,0,2.4654,0.5,0.754,-0.915,2.2979,0.5,0.545
3962902762799133952,7.394,0.528,87.7,0.42294,0,2.1661,2.0598,0.204,0.02,1.834,1.698,0.472
3971058184139466752,7.402,0.535,63.97,0.30231,1,2.743,1.0,0.774,2.874,2.2406,0.5,0.443
3980892937692716160,6.812,0.405,73.56,0.30621,0,1.4551,1.4516,0.1,-0.293,1.3382,1.3331,0.554
3989967928711136768,6.532,0.427,62.5,1.3235,0,1.6764,1.1701,1.0,0.546,1.5471,0.7649,1.321
3996515829692183680,6.92,0.37,65.9,1.12894,1,1.0553,1.0334,0.169,0.036,0.7516,0.7355,0.991
3998576069669028992,8.325,0.578,67.31,1.93005,0,2.5063,2.0445,0.333,0.823,2.1815,1.8066,0.474
4000317631663747328,7.407,0.456,79.0,0.7224,0,1.8381,1.8124,0.175,-0.03,1.8278,1.8124,0.506
4001595504693460480,7.976,0.569,80.47,1.3669,3,2.3004,1.9953,0.322,0.819,2.2807,1.9953,0.554
4002565308308607616,7.988,0.555,81.98,0.82309,0,1.999,1.6151,0.337,0.58,1.9953,1.6662,0.557
4008227724472564864,7.325,0.384,82.94,0.83388,0,1.263,1.2582,0.1,-0.233,1.2444,1.2385,0.875
4008609736043668864,7.454,0.589,82.62,0.84164,0,2.7227,0.5,0.747,0.024,2.5761,2.4272,0.472
4009051048227419520,8.232,0.596,84.29,0.81825,0,2.0247,1.9953,0.125,-0.146,2.2459,2.2354,0.534
4009709385110617472,7.979,0.548,81.33,0.81249,0,1.4923,1.4681,0.1,-0.492,1.6104,1.5964,0.992
4010969150557895936,7.468,0.47,85.16,0.91799,0,1.5093,1.5264,0.104,-0.529,1.5635,1.5568,0.714
4015777452345064576,7.354,0.55,82.71,1.04438,0,2.1767,1.9953,0.97,1.289,2.1657,1.8577,0.576
4022614181286374272,6.879,0.522,71.93,0.96202,4,2.3311,0.7079,1.0,1.196,2.0236,2.0179,1.251
4024405904203333760,7.011,0.555,73.37,1.18897,0,2.1587,2.5652,1.0,1.464,2.0647,2.0584,0.755
4028704891588899840,7.216,0.503,78.86,0.42882,0,2.1365,0.5,0.82,0.371,1.9385,0.5,0.637
4036331722816841344,7.526,0.482,-8.0,0.13894,0,1.7125,1.7051,0.101,-0.12,1.6343,1.6287,0.578
4036773589046451584,7.093,0.571,-6.51,0.41272,0,2.6532,2.4056,0.314,0.599,2.2955,1.945,0.356
4048927998510291328,7.252,0.48,-6.95,1.03396,0,1.8881,0.5,0.755,0.199,1.6588,1.5507,0.325
4055974566725293184,6.574,0.484,-1.54,0.60419,0,1.8525,0.5,0.706,2.735,1.6502,0.5012,0.415
4057573802035360896,7.901,0.569,0.27,0.0632,0,2.4698,0.5,0.749,-5.794,2.2616,2.1918,0.423
4057966641278161280,7.516,0.492,1.77,1.26001,0,1.9638,0.7079,0.797,2.087,1.8408,0.5205,0.52
4058051269289097600,7.669,0.523,2.51,0.35087,0,1.9362,1.9235,0.107,-0.161,1.9178,1.9094,0.559
4058689054864359552,4.192,0.553,2.85,0.17546,0,1.4125,2.0691,1.0,5.461,1.4738,1.4734,1.429
4059173488370393472,7.202,0.452,4.44,0.16546,0,1.48,1.442,0.216,0.011,1.4436,1.4125,0.866
4063417332766504576,5.73,0.281,-1.65,0.02502,0,1.1648,1.1634,0.1,-0.1,1.0887,1.0863,2.198
4064134695358677120,8.209,0.567,-1.87,0.05063,0,2.2895,0.7943,0.563,-2.481,2.0611,1.9787,0.874
4083653603675326080,7.739,0.598,-13.77,0.38112,0,2.8518,2.6155,1.0,1.646,2.6871,2.1033,0.566
4087081880937346816,6.876,0.495,-12.15,1.68534,0,2.0052,1.5087,1.0,0.805,1.8943,1.3001,0.381
4088241041080146048,7.654,0.568,-9.8,0.81381,0,2.4677,1.4731,1.0,0.616,2.3479,1.122,0.472
4092141455540683136,6.634,0.317,-6.57,0.36602,0,1.3059,1.3044,0.1,-0.163,1.2982,1.1103,0.7
4103438009822537472,7.4,0.555,-3.71,0.35168,0,2.2187,2.2094,0.1,-0.183,2.1938,0.5,0.728
4108078975304622592,8.194,0.57,5.44,0.03699,0,2.0438,0.5,0.556,1.689,2.113,1.9953,0.425
4108991260718946816,6.532,0.584,6.86,0.54086,0,1.7783,2.5632,1.0,6.776,1.7783,2.3414,1.037
4110531062402926848,8.372,0.599,4.84,1.57735,0,3.3441,0.5,0.751,1.159,2.6712,2.08,0.586
4110619195139312000,7.32,0.456,5.52,1.3367,0,1.8127,0.5,0.975,0.319,1.6636,1.6607,0.735
4111251723554095104,4.105,0.394,6.19,0.09018,0,1.5042,1.2437,0.793,0.828,1.4348,1.1855,1.286
4112220049668077952,6.555,0.33,9.37,0.42839,0,1.3065,0.565,1.0,-0.673,1.2944,0.5,1.728
4113072720923097600,5.643,0.559,10.59,0.03254,0,2.7509,2.0795,0.735,4.248,2.3914,1.666,1.165
4115142207982341504,4.291,0.544,8.91,2.86204,0,2.655,1.6299,0.737,7.068,2.2719,1.5849,1.331
4116696539523424256,7.287,0.503,5.33,0.03412,1,2.1448,1.122,0.86,1.694,1.9678,0.8913,0.579
4117069273983580416,6.521,0.417,3.75,0.04346,0,1.7575,1.4663,0.798,4.609,1.5984,1.3035,0.999
4125171197089493760,3.499,0.456,8.66,0.04385,0,1.122,1.537,0.933,8.51,1.122,1.3844,4.383
4136852133763262848,6.538,0.598,11.18,0.13491,0,1.7783,2.6869,1.0,16.473,1.8857,2.3775,0.958
4140049616641044608,6.389,0.51,16.82,0.05644,0,1.8443,1.9254,0.103,-0.534,1.8765,1.872,0.703
4141626659906575232,7.604,0.434,13.3,0.21428,0,1.6227,1.4476,0.363,2.535,1.2599,1.0873,1.097
4144640902401571328,7.256,0.417,3.56,0.18513,0,1.792,0.5,0.971,1.012,1.5941,1.5916,0.643
4149484732124680832,6.269,0.528,8.35,0.38207,0,2.5722,0.631,0.812,4.095,2.0382,0.5,0.851
4151185504791927808,7.299,0.391,4.97,0.04503,0,1.7025,1.6028,0.387,2.683,1.4971,1.4354,0.823
4159339276859831040,7.244,0.579,2.2,0.78233,0,2.5119,2.5119,0.512,6.553,2.3442,2.2838,0.86
4161357774059544576,7.836,0.529,9.47,0.19202,0,2.1473,1.935,0.382,2.389,1.9274,0.5,0.438
4161485523566154496,7.479,0.516,9.17,0.10485,0,1.8763,1.8614,0.105,-0.138,1.6554,1.6158,0.749
4166958033425936896,6.387,0.451,14.6,0.09803,0,1.6273,1.6195,0.114,-0.078,1.4269,1.4102,0.835
4170156100434293120,5.575,0.267,14.46,0.04738,0,1.1384,1.1197,0.105,-0.828,1.0884,1.0883,2.382
4172288259645084544,7.636,0.564,8.19,0.0457,0,1.9621,1.5849,0.316,0.276,1.606,1.4125,0.23
4190130344063214208,7.157,0.594,-18.05,0.00082,0,2.6933,2.9962,0.979,0.585,2.5768,2.3584,0.638
4193367851749724032,6.709,0.385,-15.06,0.16965,0,1.6531,1.5625,0.507,9.43,1.5483,1.4954,1.036
4194136758274442240,7.186,0.323,-14.76,0.29547,0,1.1116,1.108,0.1,-0.217,1.0286,1.0249,1.085
4209904751452473984,7.399,0.476,-12.6,0.178,0,1.6625,1.4761,0.19,-1.279,1.4983,1.4905,0.635
4215331288026393856,7.533,0.59,-8.34,1.15819,0,2.358,2.3056,0.171,-0.031,2.4386,2.3899,0.575
4218890235346323328,6.639,0.581,-22.88,1.054,0,2.3074,2.1127,0.111,-0.331,1.7203,1.6462,0.631
4230522965288246016,6.895,0.258,-18.99,1.86186,0,1.1862,0.5,1.0,-4.324,1.1887,1.1886,1.769
4232200025461887744,8.065,0.598,-23.02,2.01577,0,3.1623,1.4584,0.771,3.295,2.809,1.1641,0.5
4239227523980776576,7.256,0.404,-10.31,0.77132,0,1.4617,1.4578,0.1,-0.044,1.4526,1.4495,0.606
4243275719623780608,7.285,0.406,-18.29,0.38121,0,1.5203,1.5176,0.1,-0.069,1.4113,1.4082,0.638
4243860969054592128,7.098,0.395,-15.73,0.19954,0,1.656,1.3542,0.741,4.952,1.5486,1.3077,1.054
4247947647611891584,7.786,0.559,-14.77,0.15086,0,2.3639,0.5,0.751,-3.869,2.2163,0.5,0.946
4251303322738824960,6.451,0.403,-14.46,0.32534,0,1.6058,1.1565,0.901,1.545,1.5157,1.0993,0.988
4254600929960741120,7.399,0.567,-3.81,0.28989,0,2.3375,2.2594,1.0,0.543,2.2728,1.9931,0.603
4256801602473149824,6.684,0.521,0.84,1.11041,0,2.1014,2.0912,0.101,-0.161,1.6147,1.6042,0.574
4266921851050619776,7.313,0.458,-0.26,0.37095,0,1.4314,1.4295,0.102,-0.421,1.4973,0.5,0.639
4269235910766840576,8.217,0.566,-0.84,1.95293,0,2.5436,0.5,0.774,-2.192,2.3243,0.5,0.569
4271948886936097280,7.133,0.48,3.69,0.14487,0,1.9712,0.5,0.777,0.466,1.6641,1.5668,0.447
4275035697119244928,6.56,0.429,8.1,0.0827,0,1.5322,1.528,0.1,-0.286,1.4674,0.5,1.065
4285470474801182976,7.515,0.587,4.51,0.38476,0,2.9383,2.9583,0.147,-0.244,2.288,2.2729,0.713
4288446406092128640,6.273,0.553,-8.42,0.52484,0,2.2021,2.1907,0.1,-0.365,2.1452,0.5,0.886
4296016784182659200,7.978,0.564,-5.44,0.62811,0,1.9128,1.8935,0.1,-0.378,1.7887,1.752,0.845
4297053451822787840,8.076,0.584,-11.78,0.83609,0,2.7767,1.5849,0.782,2.897,2.6023,1.1753,0.439
4298792810500299264,8.179,0.578,-12.15,0.74502,0,2.8838,0.5,0.786,0.931,2.4321,2.0125,0.463
4300544057646757504,8.345,0.594,-11.49,0.19864,0,2.8735,0.5,0.771,-3.408,2.5652,2.5564,0.478
4300631468824369792,7.03,0.503,-11.33,2.0591,0,1.9133,2.2617,0.986,3.985,1.7852,1.7705,1.017
4300710530575555968,7.404,0.584,-10.25,0.02536,0,3.1623,3.1623,0.54,39.117,3.1623,3.5481,4.885
4301082371671324288,8.251,0.557,-7.99,0.07586,0,2.3927,0.5,0.709,-2.433,2.1464,2.0228,0.509
4305264261081185664,6.863,0.579,-6.08,0.92455,0,2.5171,1.9953,0.854,1.713,2.4455,1.8921,0.568
4305996467082836224,7.16,0.333,-0.4,0.2588,0,1.0549,1.0532,0.1,-0.102,1.0548,1.0532,0.695
4306756641936414336,7.743,0.538,-0.04,1.10714,0,2.491,0.5,0.787,2.477,2.2078,0.5,0.39
4313326395754520704,7.236,0.443,2.62,1.49947,0,1.3834,1.3822,0.1,-0.165,1.53,0.5,0.606
4315741369946530048,6.807,0.58,-2.25,0.72359,0,2.4524,1.1395,1.0,1.133,2.4297,1.122,0.879
4317733513223536384,7.717,0.526,-5.48,0.13411,0,2.0316,2.0279,0.104,-0.092,1.9199,1.9125,0.398
4319707789410702464,8.186,0.553,-1.49,0.01569,0,2.4048,2.39,0.106,-0.188,2.0968,0.5,0.526
4319734761806243840,8.24,0.595,-0.85,0.02594,0,2.5183,0.5,0.727,-1.261,2.435,0.5,1.178
4324231450809729792,8.383,0.59,19.64,0.99484,0,2.5566,2.4236,0.209,0.117,2.0197,1.7089,0.862
4332153814340992384,6.788,0.378,24.43,0.36548,0,1.5432,1.3247,0.856,3.482,1.4448,1.1536,1.063
4345207216387673600,7.179,0.454,29.64,0.30982,0,2.0201,1.425,0.711,4.454,1.7785,1.122,0.792
4350208138869853184,7.756,0.575,32.42,0.54103,0,2.7025,0.5012,0.856,1.014,2.5054,0.5,0.603
4350921790633365760,6.432,0.541,26.69,0.58737,0,2.3936,1.122,0.991,2.277,2.1767,0.7079,0.681
4351192167413106944,7.366,0.538,24.86,0.19673,0,2.1153,1.8907,0.846,1.039,2.0507,1.7889,0.69
4358494711328942720,7.122,0.547,30.77,0.29027,0,2.2548,0.5,0.804,1.974,2.1866,0.5,0.708
4362793767434602752,6.673,0.418,15.83,0.199,0,1.6424,1.5741,0.784,2.468,1.539,1.4592,1.19
4374870253397248256,7.056,0.465,18.38,0.42461,0,1.9159,0.5,0.79,2.109,1.6687,0.5,0.679
4378547192077359744,7.439,0.579,23.86,0.33344,0,2.7796,0.5,0.77,-0.225,2.4936,2.3348,0.576
4378780975739667968,6.206,0.587,25.28,1.44449,0,2.5394,3.1623,1.0,3.708,2.42,2.3576,0.801
4383925212688195712,5.654,0.461,29.12,0.97142,0,1.6562,1.8194,0.998,3.002,1.5968,1.5758,1.252
4383927136833540352,7.493,0.56,29.06,1.82115,0,2.783,2.216,1.0,2.116,2.479,2.336,0.843
4384556332362895744,7.303,0.503,27.31,0.17635,0,2.1487,1.9953,0.828,3.136,2.0304,1.8489,0.74
4385518679915123200,6.634,0.496,28.54,1.16652,0,2.0717,1.0,0.918,1.957,1.9738,1.0442,0.624
4388339167758959104,6.771,0.557,22.15,3.15819,2,1.9953,2.6772,0.954,7.312,1.9024,2.357,1.239
4393700798773095296,7.617,0.42,24.17,0.3487,0,1.6713,1.6085,0.32,1.434,1.4269,1.3549,0.923
4395536330357533952,7.58,0.495,34.59,0.23688,0,1.9139,1.9077,0.1,-0.186,1.6879,0.5,1.51
4415411480494597760,7.02,0.545,43.29,0.88684,0,2.0997,0.5,0.728,-6.4,1.7133,1.6627,0.968
4416710274309556608,7.776,0.561,42.12,3.05931,1,2.4267,2.4153,0.105,-0.072,2.2606,0.5623,0.474
4418033918805900544,7.126,0.489,45.25,2.43878,0,2.0225,1.3424,1.0,0.636,1.9116,0.8663,0.561
4427657016371477888,8.293,0.6,43.62,0.3295,0,3.1054,0.5,0.792,0.842,2.5693,2.205,0.557
4433186391629458560,7.226,0.558,34.25,0.51285,0,2.5894,2.0628,0.762,2.655,2.3528,1.8697,0.517
4438359593838380160,7.688,0.395,33.42,0.54012,0,1.3098,1.2499,0.285,0.51,1.1485,1.0988,0.725
4446533328923457152,6.407,0.581,35.21,0.21619,0,1.7783,2.5579,1.0,6.863,1.7725,2.3126,1.129
4449266646106197888,6.282,0.477,31.82,0.18298,0,1.7783,2.2007,0.975,2.169,1.6675,1.6463,0.87
4453350197932890880,7.433,0.538,40.16,0.20171,0,2.1492,2.1227,0.105,-0.337,2.0041,1.9969,0.479
4457179315895707776,6.962,0.491,41.2,0.45933,2,2.0078,2.2638,1.0,3.981,1.816,1.7567,0.886
4458164650112230272,7.581,0.539,41.76,0.73213,0,2.841,0.7079,0.762,3.348,2.0832,1.5849,0.686
4458424237935900672,7.25,0.45,42.33,2.01488,3,1.756,1.7498,0.1,-0.194,1.6502,1.6461,0.701
4458713203336988928,6.702,0.319,35.28,0.51775,0,1.3313,1.0361,0.913,2.359,1.3108,0.9418,1.326
4461228748502326016,6.203,0.568,35.73,0.14742,0,2.1977,2.1574,0.595,1.846,2.0773,2.0431,0.733
4467159067541930752,8.132,0.578,38.27,0.28328,0,2.0901,1.9871,0.13,-0.136,1.7349,1.6135,0.534
4467447242669554432,7.838,0.554,39.17,0.3394,0,2.0703,2.0521,0.1,-0.154,1.8137,1.799,0.426
4472611545708775552,7.429,0.52,15.74,0.81224,2,2.329,2.1631,0.578,8.7,2.0632,1.9175,1.041
4473968166959087104,5.661,0.589,15.71,2.12162,0,2.6962,0.5,0.817,-0.423,2.459,0.5,1.258
4475736662702505856,7.501,0.565,16.26,0.13051,0,2.0129,1.9953,0.16,-0.039,1.9953,1.983,0.489
4480822595474965760,6.838,0.458,9.49,0.85837,0,1.5919,1.5759,0.1,-0.286,1.4565,1.4512,0.542
4486936670388717824,7.54,0.509,20.57,0.48236,0,2.0311,1.9257,0.349,1.635,1.7673,1.5403,0.625
4488089027297753088,6.89,0.464,17.27,1.63661,0,1.6552,1.6186,0.546,5.72,1.5644,1.5338,1.565
4502808979730708352,6.532,0.575,20.43,0.53458,0,1.5849,2.5119,1.0,13.915,1.697,2.3106,1.065
4507162530399080576,6.536,0.5,5.62,0.15632,0,2.0305,1.9741,0.245,0.105,1.9545,1.8912,0.897
4509284793987222400,6.916,0.568,11.07,0.98558,0,2.0636,1.9953,0.205,0.051,1.8824,1.6238,0.583
4511846621719540608,8.374,0.599,11.03,0.37057,0,2.3317,2.3015,0.1,-0.206,2.2027,2.1762,0.503
4515724049490385792,6.871,0.543,2.37,0.03004,0,2.0655,0.5,0.803,-0.211,2.1091,0.5,0.456
4519903946027731072,6.135,0.544,6.24,0.06314,0,2.0555,0.5,0.829,-5.672,2.0171,2.0104,1.051
4521056852674666240,7.299,0.51,6.69,0.03988,0,2.1386,0.5,0.822,2.445,1.9745,0.5,0.694
4521814553618651520,7.326,0.563,12.63,0.0833,0,2.457,0.5,0.797,2.139,2.2778,0.5,0.798
4528533772256801280,6.687,0.403,14.99,1.43259,0,1.6588,1.5442,0.608,6.286,1.529,1.4441,1.998
4532752181753014784,6.205,0.565,11.92,0.23168,0,2.5551,1.9953,0.846,1.48,2.3779,1.7652,0.682
4532934292673050368,7.991,0.528,9.02,0.11877,0,2.0063,1.9954,0.104,-0.136,1.8803,1.8643,0.701
4538432950316658816,8.326,0.558,12.64,0.82638,0,1.9471,1.8496,0.161,-0.156,1.5837,1.4355,0.546
4544054886405235456,7.238,0.417,25.76,0.39045,0,1.4884,0.5,0.719,1.058,1.2952,1.0164,0.871
4545155742359108224,8.304,0.576,28.85,0.38231,0,2.1713,2.1516,0.1,-0.183,1.96,1.9428,0.455
4545326063581896704,7.25,0.563,31.13,0.18115,2,2.7206,2.6162,0.717,3.641,2.5047,2.3583,0.684
4548845321128406528,5.459,0.541,22.38,0.05439,0,2.6286,2.3541,0.582,12.331,2.2936,2.0336,1.668
4553857483541662592,7.773,0.597,25.18,0.16883,0,2.7668,0.868,1.0,0.775,2.5732,0.5,0.976
4555529565849768576,7.609,0.459,25.12,0.16375,0,1.5191,1.491,0.173,0.021,1.3855,1.3485,0.674
4557826686162488576,7.561,0.6,32.31,0.24406,0,2.8441,2.5658,0.763,1.665,2.6709,2.3587,0.826
4558296040187771392,7.187,0.342,32.62,0.22696,0,1.3651,1.3168,0.315,1.583,1.2076,1.162,1.693
4571879578631697024,6.162,0.311,32.1,2.97406,0,1.2734,1.2145,1.0,0.116,1.2612,1.1297,1.677
4573879933879433984,7.412,0.563,31.55,0.52868,0,2.5424,0.5,0.757,-1.89,2.2654,2.0839,0.991
4574435393409730176,7.464,0.571,30.66,1.27807,0,2.4398,2.4099,0.1,-0.072,2.1383,2.0582,0.815
4574853444050039808,7.904,0.523,33.65,1.17186,0,2.1124,1.9978,0.26,0.243,1.6904,1.4797,0.507
4575081115972385408,6.976,0.565,33.82,0.21687,0,2.4027,2.3177,0.856,1.863,2.3143,2.1001,0.508
4575972128411758080,7.423,0.378,20.85,0.25237,0,1.0047,1.0,0.1,-0.358,0.933,0.9274,1.706
4579118728832242688,6.272,0.436,20.48,0.77607,0,1.8556,1.8029,0.34,1.791,1.6968,1.6421,1.108
4583873463785253760,7.246,0.383,24.18,0.17223,2,1.3736,1.3681,0.129,0.023,1.291,1.2874,0.95
4585641478485310336,7.638,0.588,17.5,0.15783,0,3.8549,0.5,0.811,2.462,2.5819,1.9965,0.744
4590713559981240576,6.497,0.576,23.2,0.91804,0,2.2265,2.5531,0.91,2.638,2.1436,2.4455,0.752
4591105260999630464,7.501,0.519,21.2,0.11876,0,2.1326,0.5,0.798,-0.921,1.967,0.5,0.522
4592748859084422144,7.389,0.572,20.23,0.42288,0,2.9507,0.8913,1.0,2.196,2.5417,0.631,1.047
4594826867339683712,6.814,0.268,28.19,0.30752,0,1.0509,1.0637,0.1,-0.487,1.0234,1.0233,1.408
4597431919623309056,7.089,0.571,27.89,0.21708,0,2.6731,2.1047,0.737,2.994,2.4824,2.0055,0.654
4599999176194445056,7.039,0.598,30.74,0.25624,0,2.689,2.5108,0.682,2.78,2.5742,2.3592,0.728
4609742567203807104,7.241,0.485,26.15,0.16993,0,1.5192,1.5049,0.104,-0.31,1.4523,1.4418,0.497
4618434000461670656,6.843,0.505,-35.26,0.06552,0,1.9624,1.3039,0.83,1.543,1.9714,1.2314,0.64
4620602615348588288,7.954,0.59,-36.05,0.57991,0,2.9724,2.6801,0.301,0.365,2.3167,1.9953,0.654
4622114649995483136,5.69,0.5,-32.05,0.21278,0,1.6741,1.7709,1.0,2.074,1.6802,1.7256,0.934
4626843786944938880,5.406,0.585,-37.01,0.03303,0,2.652,0.631,0.864,0.727,2.5083,0.5,0.534
4627264384502501248,6.774,0.259,-37.16,0.65061,3,1.122,1.122,0.1,-1.327,1.1669,1.167,1.467
4629074455519836032,7.038,0.53,-37.46,0.25028,0,1.8425,1.6986,0.107,-0.079,1.559,1.5415,0.463
4629094830844680320,7.925,0.531,-37.66,0.05842,0,2.1658,2.1574,0.104,-0.082,1.9953,1.9894,0.449
4633232224381014784,7.98,0.511,-37.81,1.03459,0,1.827,1.8125,0.105,-0.169,1.6092,1.6004,0.375
4633307815805376000,6.053,0.586,-38.26,0.00086,0,2.5496,0.5,1.0,0.319,2.4557,0.5,0.553
4635412796456855424,7.777,0.597,-37.93,0.06659,0,2.7669,2.4196,0.771,1.248,2.6186,2.1985,0.485
4640118087748205440,6.763,0.572,-39.65,0.836,3,2.439,2.3414,0.693,1.896,2.3168,2.1674,0.631
4640999380677868928,6.811,0.441,-37.91,0.05141,0,1.5215,1.5159,0.1,-0.201,1.279,1.2727,0.653
4641329474683880448,7.132,0.574,-39.4,1.42996,2,2.8184,3.2299,1.0,1.8,2.4996,2.2072,0.556
4643841618235231744,8.435,0.595,-41.67,0.07335,0,2.7808,2.1691,0.358,0.825,2.0753,1.4664,0.521
4647301746968485632,8.136,0.595,-44.04,0.33422,0,2.7235,2.7079,0.108,-0.098,2.616,1.0,0.564
4655915699018915968,8.104,0.571,-37.44,0.21029,0,1.6349,1.6051,0.1,-0.357,1.4518,1.4288,0.515
4657309295660733184,8.18,0.562,-30.16,0.03541,0,2.6215,0.5,0.764,0.401,2.3346,0.5,0.501
4657397600194853632,7.515,0.59,-30.53,0.0433,0,1.8357,1.7623,0.1,-0.294,1.7224,1.6936,0.513
4663644372432493696,6.938,0.584,-34.81,1.29687,0,2.7692,2.1858,0.653,6.856,2.5349,2.0665,0.678
4664985604795813632,7.933,0.55,-38.4,0.30341,0,2.0919,2.0326,0.18,-0.05,2.0211,1.9953,0.482
4665580509304847104,7.215,0.563,-38.29,0.02916,0,2.8376,2.8443,0.522,18.775,2.8376,2.6283,1.852
4668709410160529408,6.913,0.425,-39.04,0.06889,0,1.6089,1.574,0.991,-0.445,1.5013,1.2715,2.04
4670334213467504256,6.965,0.401,-43.09,0.2556,0,1.5406,1.5391,0.1,-0.092,1.4277,1.426,0.972
4672001725930076544,7.183,0.435,-44.93,0.50538,0,1.8426,1.0632,1.0,0.826,1.6477,1.6253,0.639
4674061076849768832,4.618,0.561,-45.94,0.17202,0,2.6151,2.3544,0.444,4.803,2.4695,2.3232,0.964
4681705190923359616,7.991,0.562,-43.18,0.56533,0,2.3013,0.5,0.706,-0.27,2.122,0.5,0.369
4682863148465721728,5.945,0.598,-45.53,0.09656,0,1.8998,2.6868,1.0,4.219,1.9001,2.3893,0.946
4684110819285845376,7.463,0.557,-40.11,0.79754,0,2.6791,2.2387,1.0,2.042,2.4435,1.8548,0.656
4689663593524265856,7.224,0.595,-43.8,0.52651,0,2.3496,2.7382,1.0,1.993,2.2755,2.5379,0.978
4690102539182998144,8.027,0.579,-45.95,0.48115,0,2.0075,1.9997,0.1,-0.154,1.8171,1.7214,0.508
4699102144934510976,7.214,0.54,-50.2,0.05158,0,1.9953,1.9928,0.106,-0.162,1.8727,1.8641,0.429
4699122657698225536,7.18,0.543,-50.27,0.33654,0,2.1994,2.1686,0.166,0.029,2.1164,0.5,0.663
4701653973983171456,8.048,0.558,-52.28,0.29502,1,2.5595,0.5,0.77,2.713,2.2949,0.5,0.549
4704612656694607360,6.824,0.512,-49.52,2.53866,0,2.183,0.5,0.857,0.619,1.8799,1.8408,0.94
4704810671866569344,6.903,0.299,-50.46,0.37052,1,1.4009,1.3431,0.388,3.859,1.2758,0.5,1.423
4714268430370570496,5.98,0.491,-54.56,0.7417,0,1.983,0.7944,1.0,1.641,1.8418,0.5,1.104
4715737240466538240,7.307,0.5,-55.21,0.34138,0,1.9181,1.9115,0.101,-0.062,1.8396,1.8226,0.388
4715896429133940352,7.531,0.531,-55.13,0.07999,0,1.9754,1.9477,0.126,-0.084,1.6141,1.5637,0.463
4717465707105157120,5.936,0.527,-58.05,0.01922,0,2.1513,0.5,0.837,1.064,1.9464,1.8815,0.965
4719588486101475968,8.001,0.555,-59.35,0.18963,0,2.1497,1.9421,0.107,-0.684,2.0289,2.0169,0.584
4720137211122571520,7.135,0.586,-47.54,0.47475,0,2.7492,0.8001,0.815,0.605,2.4739,0.7943,0.538
4721391856969488256,7.956,0.588,-49.42,0.31319,4,3.1017,2.562,0.695,2.273,2.7731,2.4896,0.314
4725469464560387712,6.628,0.59,-52.0,0.14159,0,2.9366,0.8913,1.0,1.95,2.6326,0.5,1.065
4725779526839408128,5.268,0.525,-53.2,0.24119,0,1.7185,2.1816,1.0,2.85,1.6963,2.0637,0.785
4728731200164407808,6.661,0.495,-53.95,0.24934,0,1.6332,2.0391,1.0,1.741,1.5797,1.8564,1.266
4732706072137343744,8.001,0.598,-50.09,4.12808,0,3.1623,0.5623,0.909,1.924,2.8517,0.5,0.532
4733061970307412608,8.153,0.553,-49.62,0.20128,0,1.8625,1.8393,0.1,-0.259,1.8084,1.7963,0.624
4742097275828451584,6.706,0.478,-57.37,0.04044,0,1.6692,1.5747,0.101,-0.342,1.4833,1.4766,0.638
4743518532046419072,6.36,0.517,-59.22,0.45602,0,2.1619,0.5,0.743,4.666,2.0196,1.7095,0.513
4746011090546864640,5.879,0.254,-60.44,0.09115,0,1.1222,1.122,0.1,-0.942,1.1889,0.5,1.739
4751661549521431936,7.525,0.574,-58.95,0.7083,0,2.4179,2.3823,0.1,-0.244,2.2812,2.2747,0.583
4758378706574548096,7.752,0.533,-30.85,0.14199,0,1.6152,1.6036,0.109,-0.16,1.6387,1.6264,0.674
4762394397915837056,6.005,0.592,-37.96,0.10861,0,1.9953,1.898,0.144,-0.05,1.8104,1.6214,0.542
4766325495582559744,6.912,0.32,-33.34,0.03505,0,1.1741,1.1722,0.1,-0.334,1.1736,1.1712,1.117
4767443080432778368,8.222,0.594,-31.3,0.18123,0,2.6514,2.4934,0.247,0.068,2.5316,2.3797,0.992
4767544063703801216,7.336,0.5,-30.56,0.01437,0,1.8733,1.8422,0.102,-0.317,1.7553,1.7449,0.702
4775933234344584576,8.079,0.536,-41.48,2.30925,0,2.0707,1.6937,0.386,0.904,1.649,1.1941,2.648
4777112872882315648,5.554,0.443,-39.22,1.96294,1,1.7639,0.9377,1.0,2.274,1.681,0.631,0.847
4780194185500379008,7.634,0.596,-44.14,0.05084,0,2.7342,0.5,0.785,0.14,2.557,0.5,0.495
4785713458992582272,5.269,0.583,-37.63,0.54675,0,2.0615,2.0491,0.1,-0.459,2.1961,0.5,1.064
4790138580978391680,7.2,0.573,-42.28,0.34356,0,2.5344,0.5,0.796,-2.897,2.2096,0.5,0.838
4792058603158427648,5.214,0.412,-29.63,0.10922,0,1.6802,1.4125,0.62,1.811,1.5332,1.3803,0.914
4792645742367412608,7.473,0.58,-29.4,0.22683,0,3.0325,0.7079,0.814,2.395,2.619,0.5,0.425
4792774797545800832,3.823,0.261,-30.61,0.00584,0,1.1773,1.1784,0.1,-0.151,1.0122,1.0105,4.032
4795386103300932480,7.972,0.562,-30.36,2.63549,0,2.662,1.4823,0.77,3.591,2.4032,1.5008,0.707
4795931357989249664,7.152,0.444,-30.32,0.175,0,1.6666,1.1737,1.0,0.677,1.6243,0.9893,0.769
4796609580568152064,8.2,0.567,-33.48,1.52444,0,3.2902,2.6616,0.399,1.452,2.0876,1.0694,0.526
4797404016376109056,7.932,0.582,-34.03,0.07558,0,3.0073,2.6965,0.215,-0.007,1.9286,1.4631,0.403
4798709067958473216,6.575,0.479,-33.04,0.01618,0,1.5984,1.5928,0.101,-0.367,1.3256,1.3148,0.825
4799035210595490688,7.582,0.577,-33.38,0.7903,0,2.9251,2.2387,0.812,3.179,2.5387,2.0171,0.502
4803945629525312384,7.867,0.565,-28.05,1.92455,0,2.7367,2.1124,0.816,1.888,2.445,1.6352,0.56
4805713433766930560,8.133,0.552,-33.21,0.08281,0,1.6168,1.6021,0.1,-0.186,1.6168,1.6022,0.43
4807089648664910592,5.829,0.301,-32.73,0.07805,2,1.018,1.0177,0.1,0.007,1.0375,1.0373,2.056
4807632223293591040,7.823,0.555,-30.65,0.42717,0,2.3218,0.5,0.824,0.294,2.2611,0.5,0.518
4807752860334734720,7.966,0.522,-30.37,0.18253,0,1.6381,1.6252,0.1,-0.232,1.6473,1.6374,0.455
4808214586499020288,6.163,0.496,-29.36,0.73596,0,1.9611,0.9241,1.0,1.558,1.9148,0.6416,0.466
4812175920735540736,7.384,0.59,-36.31,0.05009,0,2.3583,2.3392,0.1,-0.142,2.4009,2.3867,0.589
4815173945347069056,5.97,0.524,-39.66,0.44345,0,2.1961,1.86,1.0,2.221,2.0424,1.4125,0.987
4815660547961306112,4.351,0.473,-41.5,0.0523,0,1.8832,0.7079,0.744,2.542,1.6673,0.7079,0.853
4827392646267912064,7.122,0.292,-33.66,0.31464,0,1.0197,1.0181,0.1,-0.292,0.9466,0.9436,1.478
4827397731509363584,8.079,0.571,-33.64,2.86827,0,2.6471,0.5,0.702,1.859,2.4094,1.8543,0.432
4828038987305843584,7.439,0.48,-46.25,1.46819,0,1.922,1.9177,0.1,-0.195,1.5787,1.5698,1.158
4830098200785875840,7.79,0.568,-49.4,0.65801,0,1.9331,1.9125,0.1,-0.134,1.6084,1.5725,0.426
4838010011581789952,7.922,0.57,-47.2,0.18086,0,2.3461,0.5,0.751,-5.619,2.1432,0.5,0.982
4838035197269932928,6.559,0.505,-47.02,0.13199,0,2.4048,1.5608,0.62,9.922,2.0056,1.1757,0.647
4839165048546715648,6.273,0.589,-44.24,0.0012,0,2.5264,2.5119,0.124,-0.076,2.1157,2.0279,0.642
4839340248852467584,7.829,0.541,-44.57,0.66274,0,2.2701,0.631,0.9,1.358,2.1802,0.631,0.67
4848147543149497216,7.733,0.537,-53.08,0.84841,0,2.3822,2.3735,0.103,-0.115,2.0427,2.0363,0.67
4849829177464347904,7.653,0.53,-53.91,0.24419,0,2.5068,1.4125,0.765,3.687,2.224,0.8913,1.026
4853699011717698048,8.002,0.585,-55.74,0.59156,0,2.9836,1.5849,0.814,3.852,2.6443,1.122,0.622
4861133909344681088,6.951,0.512,-54.46,0.05418,0,2.1211,0.5,0.857,0.477,1.9095,1.9043,1.015
4864543323103820288,7.591,0.58,-42.82,0.60302,0,2.8396,1.0,0.817,1.503,2.5561,0.6055,0.465
4864932996896511744,7.102,0.546,-42.08,0.50813,0,2.2021,2.1681,0.188,-0.02,2.1057,2.0765,0.477
4866371879660471808,4.933,0.535,-40.91,0.07363,0,2.2528,1.9668,0.694,3.652,2.1116,1.8465,0.824
4871990899474481280,6.722,0.518,-43.57,0.75763,1,2.2884,0.5,0.815,0.681,1.9632,0.5,0.621
4872543129189632256,8.255,0.583,-42.35,0.09823,0,2.4396,2.415,0.1,-0.174,2.2514,2.2285,0.468
4872547149278931968,7.458,0.563,-42.31,0.06087,0,2.7831,2.0109,0.794,2.951,2.4248,1.5849,0.534
4881312593414911616,7.769,0.525,-37.94,0.07697,0,1.8092,1.675,0.106,-0.625,1.4465,1.4334,0.573
4882793395059160960,7.0,0.305,-46.37,0.23327,0,1.2554,1.254,0.1,-0.21,1.229,1.2272,1.323
4888868952716516096,7.78,0.549,-46.69,0.0878,0,2.696,2.3615,0.391,1.77,2.0585,1.5018,1.222
4889935410276933504,5.517,0.467,-47.18,0.60457,0,1.9795,1.8532,0.625,5.347,1.7707,1.65,1.341
4893811704160513024,7.413,0.584,-37.79,0.05072,0,2.8716,2.6272,0.752,4.525,2.665,2.2576,0.728
4894134239024815232,7.431,0.483,-38.23,0.33802,0,1.8685,0.5,0.932,0.378,1.8059,0.5012,0.712
4895013367291153536,7.001,0.559,-37.97,0.18436,2,2.65,2.3345,0.667,5.529,2.3667,2.0313,0.856
4895645066783712896,7.759,0.545,-43.78,1.25433,0,2.2595,0.6473,0.944,0.83,2.1735,0.7739,0.446
4897544649215563008,6.042,0.353,-43.21,0.0737,0,1.07,1.0695,0.1,-0.059,1.0987,1.0983,2.155
4902278940124725760,6.165,0.597,-54.61,0.42836,0,1.4125,2.2387,1.0,21.728,1.4125,2.2387,1.75
4906761820830908032,6.827,0.495,-57.3,0.09783,0,1.6639,1.6584,0.102,-0.373,1.4141,1.3981,0.861
4907878718486368640,8.292,0.593,-58.81,0.16985,0,2.2751,2.2583,0.1,-0.145,2.2617,2.2465,0.655
4910462776970901120,6.902,0.445,-60.08,0.29705,1,1.8116,1.2857,0.998,2.47,1.6655,1.198,1.013
4911275281704066048,6.98,0.6,-59.48,0.28963,0,2.2896,2.1074,0.146,-0.206,1.5849,1.4575,0.728
4917284284546745600,7.955,0.556,-65.32,0.20071,0,2.0397,2.0232,0.1,-0.265,1.9003,1.8883,0.578
4929369360446613248,7.279,0.497,-65.98,1.26367,0,2.0081,0.5,0.938,-0.1,1.8655,0.5,0.838
4929995394879933568,7.202,0.467,-67.28,5.38679,0,1.8312,1.6839,0.878,2.865,1.7473,1.5855,0.845
4932634291506276864,8.142,0.581,-68.35,1.59296,0,2.5265,0.5,0.72,-2.719,2.2916,2.1898,0.618
4935013050552566912,7.373,0.494,-71.01,0.32608,0,1.9737,0.5,0.842,1.016,1.8197,0.5,0.932
4935737731794528640,6.954,0.454,-72.38,0.12637,3,1.6984,0.5,0.922,1.364,1.6267,0.5,0.868
4936417401779074432,7.37,0.588,-61.51,1.09134,0,2.6282,2.5053,0.642,2.802,2.524,2.3591,0.597
4939164634660402432,7.717,0.546,-62.49,0.1974,0,2.0286,1.9953,0.191,0.108,1.9649,1.9012,0.562
4943919197816652800,7.601,0.59,-66.62,0.13956,0,2.668,0.5,0.753,-2.505,2.4727,2.3079,0.745
4949081572411575552,8.227,0.57,-61.57,0.18237,0,1.9775,1.9512,0.1,-0.256,1.9746,1.9591,0.634
4950306054704345472,8.122,0.599,-65.07,0.12599,0,2.4276,1.9953,0.352,-1.023,1.9953,1.829,1.294
4955262275165444864,8.28,0.578,-68.81,0.70776,0,2.0328,2.0137,0.113,-0.172,1.9244,1.8373,0.506
4957789846238842240,7.164,0.449,-70.33,0.21287,0,1.3922,1.3828,0.1,-0.308,1.2627,1.2552,0.517
4958407943572187264,8.62,0.589,-70.77,0.40915,0,1.9953,1.701,0.165,-0.526,1.5753,1.4257,0.43
4961168439310995456,7.981,0.577,-72.21,0.18196,0,2.7717,2.3409,0.307,0.474,1.9953,1.4977,0.536
4962066873456422528,7.477,0.56,-73.39,1.67811,0,2.3655,2.1996,0.915,2.243,2.2484,1.91,1.309
4980885465937049728,5.87,0.416,-74.4,4.64832,0,1.4565,1.5962,1.0,3.77,1.4179,1.424,1.743
4981566510311521792,7.85,0.53,-70.8,0.17814,0,1.74,1.6603,0.106,-0.58,1.5509,1.5393,0.616
4988043149195248640,7.208,0.595,-76.35,0.46417,0,2.8643,2.6757,0.619,7.632,2.6855,2.4864,0.993
4988072801649520256,7.093,0.537,-76.55,0.2442,0,2.0371,2.0354,0.107,-0.218,1.8607,1.8501,0.731
4988333248467035136,7.155,0.561,-76.77,0.08461,0,2.1876,2.0021,0.303,0.64,1.9252,1.7177,0.692
4992538055808271360,3.919,0.262,-72.68,0.34099,0,1.2266,0.5,1.0,-3.671,1.2031,1.1731,1.73
4995068341300822144,7.471,0.57,-72.27,1.35335,0,2.3493,0.5,0.734,-2.872,2.2695,2.2577,0.514
4997275026778317184,6.674,0.468,-76.48,0.32831,0,1.7257,0.5,0.97,-0.755,1.721,1.718,0.625
5008572989791568768,6.331,0.572,-74.22,0.32639,0,2.6738,1.0,0.482,-2.268,1.6823,1.122,0.846
5010284310919786496,6.102,0.547,-74.8,0.09961,0,2.246,2.2187,0.144,-0.049,2.0746,0.5,0.798
5015251801375318656,6.511,0.444,-79.59,1.21163,0,1.5405,1.9601,0.974,3.44,1.4631,1.4525,1.201
5025218255804948864,6.299,0.501,-77.87,0.08599,0,1.8659,1.775,0.102,-0.313,1.5597,1.5495,0.628
5040532666073313664,6.771,0.257,-82.25,0.49992,0,1.2741,1.0655,0.5,13.105,1.2571,1.1567,1.938
5041123000738358272,7.083,0.418,-83.65,0.80662,0,1.629,1.4309,0.892,1.943,1.5523,1.3179,0.925
5041659287534663552,7.232,0.418,-82.64,0.8087,0,1.7073,1.6865,0.212,-0.045,1.4912,1.4592,0.868
5041940277179192064,7.184,0.406,-80.18,7.2659,0,1.8776,1.672,0.551,12.653,1.6234,1.4622,1.552
5043882740564225152,6.794,0.594,-79.34,0.46222,0,1.914,2.7089,1.0,8.02,1.9131,1.8974,1.095
5045597669467027200,5.825,0.59,-62.12,0.78218,0,1.9953,2.6404,0.929,5.191,1.9818,1.9696,0.797
5047315037910289280,6.976,0.509,-57.57,0.65049,2,1.8645,2.2473,1.0,3.947,1.7505,1.9961,0.874
5048669120839224064,6.885,0.511,-63.32,0.0836,0,2.0606,0.5,0.734,1.004,1.8285,1.6833,0.53
5051970885538540544,6.846,0.356,-62.73,0.14189,2,1.3021,1.2993,0.1,-0.11,1.0379,1.0339,1.224
5060151286411463552,5.859,0.449,-57.71,0.06578,0,1.6554,1.5953,0.732,3.908,1.5861,1.5229,1.456
5060405101796270080,7.735,0.54,-54.85,7.54203,0,2.4933,1.9953,0.748,4.549,2.2882,1.704,0.842
5061694588420777344,8.111,0.571,-56.05,0.58339,2,2.0863,1.9953,0.201,-0.041,1.9413,1.8354,0.669
5061776016700293376,6.821,0.556,-56.77,0.06729,0,2.9639,0.5623,0.808,5.327,2.2863,1.8165,1.049
5067340168308347520,7.204,0.574,-67.38,7.29685,0,2.8099,2.2811,0.744,3.271,2.523,2.0126,0.79
5073246882211822720,5.599,0.546,-61.27,0.23507,0,2.1885,0.5,0.779,1.114,2.0265,0.5,0.798
5077769998170352768,6.368,0.545,-63.39,0.06059,0,2.2387,1.7783,0.362,1.778,1.5509,1.122,0.76
5078091055566935296,5.399,0.312,-61.46,0.03759,0,1.2514,1.244,0.229,0.342,1.2101,0.5005,2.33
5079466201014220160,7.445,0.573,-61.34,0.47949,2,2.7211,2.4902,0.335,0.587,2.2917,1.972,0.697
5081933161508910208,6.853,0.549,-50.49,0.23825,0,2.0757,1.7783,0.294,1.224,1.4125,1.0184,1.127
5083248005616972032,7.208,0.296,-48.38,0.16173,0,1.2053,1.2036,0.1,-0.177,1.0946,1.0921,1.9
5086608319313421184,6.776,0.59,-54.21,2.41149,0,1.7752,2.4589,0.956,2.832,1.7509,2.2933,0.798
5087043657197267200,4.113,0.594,-50.33,1.22939,0,2.8184,2.5608,0.656,8.365,2.5424,2.2943,1.584
5087544484743114240,7.021,0.455,-48.73,0.09921,0,1.9206,1.8292,0.885,3.718,1.7596,1.6036,0.777
5089637405126302208,6.707,0.477,-44.49,0.96039,0,1.6958,1.9637,1.0,2.737,1.6169,1.6412,1.167
5092516957359815040,7.824,0.518,-43.99,0.10875,0,1.8762,1.8645,0.104,-0.189,1.6118,1.6024,1.087
5093126430399150976,7.89,0.567,-41.55,1.81945,0,2.1552,2.1361,0.1,-0.152,1.971,1.9569,0.923
5095980796944384128,8.154,0.568,-43.46,0.07049,0,3.4901,1.8462,0.614,44.884,3.3529,2.3353,3.655
5096288866358856192,7.891,0.587,-43.63,0.5221,0,1.9953,1.9953,0.1,-0.149,1.5379,1.4125,0.684
5105133853288251392,5.761,0.476,-55.15,0.15274,0,1.3488,1.3158,0.104,-0.369,1.2942,1.2837,0.662
5112042840759756032,6.946,0.581,-50.49,1.44356,0,2.7471,0.5,0.801,-0.078,2.4071,0.5,0.441
5115024888092904576,7.49,0.562,-47.85,0.75994,0,2.6391,2.1357,0.662,3.037,2.3776,1.9583,0.326
5121585605256463232,6.432,0.363,-72.2,1.64675,0,1.1867,1.1844,0.1,-0.284,1.2521,1.2497,1.075
5125008006996596992,7.901,0.534,-69.13,0.35001,0,2.1623,2.1527,0.104,-0.235,1.9915,1.9834,0.718
5125920636007750912,7.107,0.494,-63.31,0.11135,0,1.9204,0.591,1.0,0.473,1.8752,0.7079,0.49
5125921632440161408,6.397,0.506,-63.24,0.81612,0,1.7054,1.6969,0.103,-0.37,1.6262,1.6177,0.744
5138890990564483584,5.498,0.476,-77.71,0.22149,0,1.122,1.2446,0.474,40.917,1.2076,1.6019,2.947
5140699446673997952,7.58,0.377,-75.54,0.13541,2,0.5,0.5,0.1,-0.565,0.5,0.5,2.088
5145458029919680128,6.615,0.428,-65.93,0.33057,0,1.6048,1.5993,0.1,-0.124,1.3645,1.3578,0.553
5146732192097536512,7.239,0.495,-65.34,0.26405,0,2.0185,0.5,0.882,1.232,1.9065,0.5,0.536
5153642966275361536,7.92,0.525,-60.05,0.15579,0,1.8532,1.8412,0.1,-0.183,1.7804,1.7675,0.454
5158072039630467072,5.871,0.59,-61.45,0.40598,0,2.5647,2.5119,0.644,3.022,2.4675,2.3377,0.942
5162874225385043712,7.477,0.582,-51.05,0.15856,0,2.4732,2.8592,1.0,1.579,2.3474,2.2961,1.029
5163763386694030720,7.418,0.543,-49.37,0.12657,0,2.2695,0.5,0.981,0.359,2.1624,2.1576,1.154
5169427692642775552,7.644,0.564,-50.49,0.55257,0,2.3474,0.5,0.903,1.203,2.3309,0.631,1.154
5173295327872720768,6.301,0.262,-56.35,0.24687,0,1.1392,1.1556,1.0,-2.364,1.1427,1.1449,1.168
5175014311223513984,5.336,0.51,-63.14,0.00244,0,2.0362,0.947,0.672,6.857,1.8204,0.8913,0.797
5189160902706509696,7.713,0.549,-24.39,0.1,0,1.8396,1.7918,0.109,-0.33,1.692,1.6786,0.473
5189660012265380096,6.358,0.585,-27.15,0.27439,0,3.9811,0.5,0.848,0.881,2.6791,2.2205,0.534
5189741612347031040,8.376,0.571,-25.69,0.50869,0,2.0201,1.8796,0.203,0.011,1.6375,1.4842,0.41
5189985016733501440,7.019,0.568,-24.5,1.17899,0,2.3973,1.5593,0.938,0.862,2.3122,1.5499,0.633
5190605420467637120,7.375,0.516,-22.84,0.30974,0,2.0694,2.0664,0.1,-0.087,2.0006,1.9985,0.649
5194203331750283392,7.369,0.591,-27.1,0.25507,0,3.299,0.5,0.641,3.608,2.3559,0.5,1.047
5198748163065619328,7.09,0.547,-19.19,3.27573,0,2.1302,2.5844,1.0,2.891,2.0106,2.2597,0.556
5200481371349292544,6.401,0.262,-15.59,0.08038,0,1.2452,1.2483,0.1,-0.244,1.1695,1.1669,1.446
5201122936381243392,8.405,0.589,-16.02,0.01127,0,1.968,1.9328,0.1,-0.31,2.0163,2.0016,0.626
5206148563516446976,7.741,0.6,-14.08,0.27727,0,2.7486,0.5,0.738,-5.286,2.47,2.3801,0.475
5206328127505786240,7.507,0.511,-27.1,0.26499,0,2.0586,2.0528,0.103,-0.255,1.8254,1.8174,0.571
5210240327318434304,3.95,0.587,-21.68,4.24044,0,2.4803,2.4474,0.743,1.351,2.3974,2.3034,1.547
5217551151930643328,8.131,0.494,-16.43,0.33239,0,1.3286,1.3186,0.104,-0.575,1.164,1.1599,0.487
5222914707091420288,7.04,0.533,-14.22,0.69652,0,2.2842,2.2659,0.928,2.179,2.1099,1.8297,0.825
5222956488533801728,5.241,0.569,-13.45,1.64484,0,2.6552,2.5423,0.642,2.869,2.4736,2.3294,1.114
5225025597617811968,5.553,0.505,-13.69,0.02816,1,2.0863,1.9953,0.859,4.057,1.9352,1.8266,1.209
5227560281159312000,6.809,0.475,-11.79,0.86036,0,1.9509,0.5,0.845,0.251,1.7493,0.5,0.889
5228068874010224128,7.512,0.593,-10.53,0.04746,0,3.0196,2.8764,0.265,0.194,2.6539,2.4686,0.553
5228286130625763200,7.483,0.587,-9.33,0.03695,0,2.2527,2.2179,0.1,-0.216,2.0602,2.0401,0.498
5228361962579665152,8.05,0.546,-9.09,0.06693,0,2.6222,0.5,0.761,3.4,2.1895,1.6852,0.591
5231024052027310080,7.466,0.498,-11.03,0.0182,0,1.6369,1.629,0.103,-0.221,1.5097,1.5017,0.613
5231963962676292224,7.324,0.318,-8.08,0.04964,0,0.8551,0.8523,0.1,-0.437,0.7235,0.7187,0.868
5235961649538643328,8.415,0.582,-5.07,0.15093,0,2.4336,2.346,0.167,-0.184,1.7121,1.4872,0.565
5236197322996128128,6.293,0.511,-4.13,0.13021,0,1.6418,1.6333,0.1,-0.189,1.6418,1.6337,0.611
5236306071562633344,3.625,0.305,-4.68,0.46888,1,0.9092,1.1393,0.954,4051.716,1.0246,1.1391,70.659
5242932175272618880,7.774,0.599,-10.78,8.1183,0,3.346,3.3329,0.813,10.03,3.0132,1.9953,0.911
5244580618083150208,8.196,0.571,-9.64,0.01561,0,1.6056,1.5669,0.1,-0.252,1.8028,1.7889,1.397
5247416705243609088,7.345,0.359,-10.72,0.25865,0,1.122,1.122,0.1,-0.312,0.9649,0.96,0.8
5248353282990775680,7.207,0.556,-11.82,0.82454,0,2.2235,1.6208,0.993,0.416,2.2293,1.6031,0.486
5263521526928141312,7.472,0.575,-21.52,0.16807,0,2.8134,2.6234,0.727,2.34,2.5308,2.3799,0.632
5268789836892612736,7.066,0.526,-21.98,0.01259,0,1.9044,2.0847,1.0,0.263,1.8479,1.8167,0.924
5269366221504073088,7.79,0.585,-19.46,0.33455,0,2.5508,0.5,0.822,-1.207,2.4579,0.5,0.684
5272537590997530112,5.991,0.295,-14.09,0.36115,0,1.1795,1.1781,0.1,-0.199,1.197,1.1951,1.192
5279589377547576704,7.502,0.576,-28.15,0.17282,0,2.5101,2.4994,0.109,-0.134,2.1254,2.0688,0.666
5287645430517338368,7.496,0.595,-20.14,0.4461,0,2.5224,2.7183,1.0,1.517,2.4793,2.6615,0.583
5289247075361798016,8.083,0.571,-17.96,1.36564,0,2.0394,2.0206,0.1,-0.445,1.9556,1.9359,0.867
5289387022575818880,7.819,0.542,-17.05,0.2294,0,2.3493,0.5623,0.896,1.174,2.2263,0.5,0.92
5290585627691698432,6.35,0.599,-12.91,0.96966,0,1.7783,2.6668,1.0,10.506,1.8951,2.5589,0.684
5293138624968708480,7.056,0.594,-20.86,3.01194,0,3.1623,2.5766,0.862,4.095,2.8963,1.4125,0.714
5293984115052147968,5.674,0.565,-16.62,0.10033,0,2.5533,1.4294,0.749,2.979,2.3094,1.223,0.848
5296998666702963584,8.228,0.567,-9.81,0.31049,0,1.9932,1.9687,0.1,-0.216,1.693,1.6763,0.748
5297361093222253568,8.077,0.572,-13.08,0.14515,0,2.5119,0.5,0.617,2.561,2.2697,0.5623,0.559
5297892500936349952,7.322,0.589,-11.65,0.44203,0,2.521,2.6492,0.964,1.062,2.4582,2.3503,0.629
5298084984191427584,7.309,0.501,-10.33,0.12802,2,2.1036,0.5,0.749,1.969,1.8249,1.6098,0.373
5303126622967647488,5.074,0.559,-8.57,0.87635,0,2.4847,1.5849,0.744,3.459,2.3379,1.578,0.596
5310179405955573888,8.035,0.541,-4.54,0.30177,0,1.6745,1.6562,0.1,-0.354,1.5868,1.5713,0.671
5312081389271039360,6.647,0.563,-1.87,0.03241,0,2.3483,0.7863,0.999,1.325,2.3164,0.9899,0.511
5312641349921258624,7.256,0.56,-0.08,0.33487,0,2.5913,1.5849,0.774,3.748,2.4543,1.5734,0.523
5313922315321722752,7.169,0.549,0.96,0.05409,0,2.226,2.2118,1.0,1.352,2.1626,1.9937,0.489
5314812782296988032,7.521,0.505,-10.89,0.00353,0,1.8961,1.8905,0.104,-0.373,1.7643,1.7551,0.778
5315346045440259712,6.97,0.552,-9.37,0.53195,0,2.1386,2.1777,0.108,-0.322,2.0251,2.015,0.607
5319352631447096320,7.44,0.488,-10.17,0.07024,0,1.6062,1.5862,0.103,-0.45,1.4387,1.4283,0.584
5320085249787566848,6.893,0.461,-10.89,0.06933,0,1.8167,1.5825,0.811,0.639,1.7266,1.4516,0.731
5320182419127232896,6.585,0.491,-12.47,0.06464,0,1.5849,2.0845,0.945,3.969,1.5286,1.9004,0.907
5321212386648498176,7.199,0.492,-6.99,0.00869,0,1.6554,1.5923,0.105,-0.346,1.5289,1.5195,0.607
5322343337434475392,7.317,0.468,-7.59,0.01864,2,1.8663,0.5,0.774,1.646,1.6906,0.5,0.521
5322384672200488832,8.077,0.475,-6.89,0.08349,0,1.3895,1.3232,0.103,-0.54,1.1831,1.169,0.762
5327846358776658688,7.153,0.528,-4.98,0.1085,0,2.2931,0.5623,0.927,1.893,2.1091,0.5,0.675
5328000290404075264,6.612,0.578,-3.79,0.12069,1,2.5594,2.5341,0.1,-0.222,2.0608,2.0436,0.558
5329801084301520768,6.846,0.399,-2.75,0.03644,0,1.6799,1.0,0.925,3.423,1.5656,0.7079,0.934
5330109153698032640,5.107,0.33,-0.9,0.0436,0,0.8909,1.1713,0.916,48.639,0.9292,1.2028,3.027
5333710500969337216,8.266,0.586,-2.25,0.0364,0,3.3479,1.4878,0.8,5.556,2.6414,2.0824,0.724
5335753153103125632,6.497,0.476,0.62,0.77046,0,1.7955,1.7908,0.1,-0.269,1.6218,1.6168,0.834
5339106732288098048,7.104,0.359,0.96,0.04763,0,1.1395,1.138,0.1,-0.434,0.9754,0.971,0.903
5346314030967348352,6.677,0.546,5.61,0.0332,0,2.2879,2.2796,0.104,-0.245,2.0987,2.092,0.502
5347659627029635968,6.783,0.32,7.23,0.65036,2,1.1784,1.177,0.1,-0.108,1.1769,1.1752,0.964
5347910281319096064,6.761,0.542,7.33,10.8123,3,2.3069,2.322,0.996,2.547,2.1557,1.9433,0.799
5348749174331032064,7.286,0.561,9.19,0.0394,0,2.5119,2.5144,0.108,-0.29,2.0614,2.0487,0.779
5351537604559496960,7.642,0.585,0.28,0.70325,2,2.7893,0.5012,0.849,1.882,2.5707,0.5,0.672
5358764385235823872,7.139,0.479,5.7,0.68471,0,2.0892,1.4488,0.619,5.882,1.8376,1.3686,0.594
5358873717919853056,6.678,0.58,6.23,0.77006,0,2.7432,2.6353,0.746,2.46,2.5549,2.3073,0.591
5360032671893335040,6.674,0.474,8.01,2.6201,0,1.8583,2.0189,0.941,2.807,1.7307,1.7131,0.805
5360321912169950592,7.17,0.59,8.23,0.19555,2,3.6838,1.122,0.793,5.555,2.7582,2.0142,0.585
5361961902472448128,8.467,0.578,9.48,0.13736,2,3.7256,0.5,0.761,5.34,2.3577,1.3498,0.643
5362980634362609536,6.971,0.558,9.66,0.2399,2,2.4415,2.2034,0.617,5.235,2.2978,2.1062,0.565
5366459660951308544,7.437,0.486,10.69,2.48707,0,1.8746,0.5,0.874,0.861,1.8381,0.5,0.533
5370056919403748608,7.299,0.504,10.73,2.31505,0,2.1042,1.1545,0.868,1.972,1.9814,1.1053,0.848
5371127706289715712,6.623,0.478,12.57,0.25753,0,2.1149,1.5931,0.516,10.44,1.8394,1.3974,0.776
5372082838294397952,5.202,0.344,13.32,0.05217,0,1.2406,1.2842,0.724,2.916,1.1932,1.183,4.14
5376231192583401728,6.829,0.475,14.27,0.06265,0,1.7568,1.7503,0.1,-0.222,1.4902,1.4843,1.307
5377153133082324352,7.204,0.498,16.55,0.14231,0,2.0317,1.6228,0.948,2.3,1.8992,1.4907,0.786
5377412961426910592,6.169,0.536,14.78,0.40481,0,2.1034,1.1898,1.0,0.088,2.0689,1.0,0.696
5377685846467082880,7.575,0.533,15.12,1.80529,0,2.3285,1.7398,0.814,2.155,2.1645,1.578,0.669
5379269555527993600,7.799,0.55,17.01,0.11765,0,2.6592,2.3871,0.449,5.149,2.3779,2.1607,0.845
5383338710621822464,6.783,0.429,18.09,0.09661,0,1.6275,1.6138,0.25,0.126,1.5667,1.122,0.967
5386289146992247936,6.769,0.32,24.34,0.23312,0,1.1732,1.1714,0.1,-0.211,1.1371,1.1348,1.158
5388783904519911168,7.562,0.454,15.77,0.09704,0,1.6072,1.6022,0.1,-0.226,1.5198,1.5155,1.217
5388871659291698816,7.71,0.55,15.25,0.11148,0,2.582,2.1886,0.678,6.034,2.3459,2.0118,0.634
5390184819772012160,7.82,0.544,16.82,0.39212,0,2.446,0.5,0.917,2.327,2.1825,0.5797,0.542
5390478904771957120,7.338,0.519,18.1,0.15685,1,2.0787,2.0156,0.272,0.199,1.9197,1.8293,0.682
5391061096182066048,6.262,0.255,14.06,0.41865,0,1.2152,1.1388,0.1,-1.826,1.1781,1.178,2.396
5392613671018977152,7.346,0.593,15.82,0.14048,0,2.5378,2.3841,0.716,3.078,2.4663,2.3137,0.721
5395215463425654528,6.625,0.6,20.66,0.24537,0,2.7351,0.5,0.77,1.974,2.5478,0.5,1.114
5397200288072086272,7.991,0.587,22.03,0.46297,0,2.7382,2.7119,0.1,-0.142,2.3778,2.3002,0.786
5402213958015309568,6.353,0.574,24.28,0.07303,0,2.9031,2.8541,0.615,9.883,2.7062,2.4746,0.827
5402602154339136512,6.895,0.497,25.37,0.33498,0,1.7628,1.7503,0.105,-0.144,1.7216,1.7116,0.517
5403589756298980608,6.497,0.487,25.34,0.94565,0,2.0672,0.5,0.95,1.538,1.8978,0.5,0.668
5406792736766384384,7.883,0.585,5.05,1.68962,0,2.6191,2.6038,0.1,-0.279,2.3206,2.2787,0.579
5409756298556928512,7.268,0.55,3.27,0.02761,0,2.1583,1.5592,1.0,1.206,2.1401,1.4404,0.803
5409987127277094912,8.424,0.593,2.12,3.30877,0,4.4918,0.8913,0.773,5.135,2.8184,1.5849,0.697
5410307772352425600,7.787,0.469,1.82,0.26218,0,1.7624,1.7007,0.268,0.07,1.6498,1.5945,0.62
5410377041586143232,6.477,0.364,2.54,0.22585,0,1.219,1.2159,0.1,-0.398,1.039,1.0345,1.016
5413493469857439616,6.408,0.439,8.26,0.29856,0,1.6925,0.7018,1.0,0.644,1.6392,0.5012,0.737
5415123392755881600,7.797,0.512,9.89,0.06399,0,1.8442,1.7921,0.1,-9.324,1.7681,1.7594,0.541
5415533751115273600,7.338,0.552,10.62,0.53411,0,2.3794,2.2003,0.294,0.102,2.1778,0.5,0.547
5416930886795996032,6.512,0.251,12.22,0.15303,0,1.2736,0.5885,1.0,1.109,1.1974,0.5,1.867
5419105033601947264,7.31,0.572,9.37,0.76993,0,2.3704,2.8395,1.0,2.693,2.2462,2.2081,1.204
5421341955648248448,7.885,0.499,13.0,0.09234,0,1.7805,1.7674,0.103,-0.329,1.6653,1.6591,0.514
5426821749801748864,6.337,0.495,9.2,0.98825,0,1.7549,1.9974,1.0,2.796,1.7367,1.8896,0.672
5429266857506771968,6.137,0.349,7.33,1.0332,0,1.1943,1.2153,0.667,2.76,1.1908,1.2107,1.499
5429897771019708672,6.11,0.306,9.21,0.76075,0,1.3711,1.3531,0.289,0.583,1.2548,1.0822,2.049
5434468784453279616,5.152,0.425,15.0,0.11544,0,1.6604,1.2091,0.669,9.794,1.5119,1.1747,1.576
5435076367707506432,6.78,0.533,13.33,0.2732,0,2.4404,0.5623,0.792,3.415,2.0914,0.5,0.895
5436572115838125312,7.221,0.562,12.56,0.21311,0,2.3669,1.739,0.865,0.937,2.3016,1.6924,0.628
5436766351438923776,6.383,0.558,11.89,0.2621,0,2.0497,2.3348,1.0,1.393,1.9837,2.1913,0.881
5439787637591702656,6.795,0.596,15.62,0.99031,0,2.5982,2.334,0.853,0.371,2.4598,2.0872,0.673
5442562220824443520,7.361,0.537,18.23,0.07951,0,2.0011,1.9953,0.106,-0.201,1.8243,1.8154,0.669
5448984262083751424,7.263,0.591,23.06,0.29505,0,2.9258,2.5119,1.0,2.567,2.7333,2.5913,1.032
5449958291946286336,5.654,0.524,23.57,0.38559,0,2.0982,2.0482,0.521,6.86,1.9648,1.9124,0.883
5451250424267497472,7.345,0.485,25.58,2.11397,0,1.9702,1.9637,0.1,-0.154,1.8269,1.8215,0.734
5458546096236113664,6.554,0.58,17.85,1.66294,0,2.4885,2.9931,1.0,1.916,2.34,2.2951,0.565
5458880588288341888,6.927,0.413,17.81,2.62839,0,1.4997,1.4952,0.1,-0.091,1.4581,1.4549,0.869
5459488824377831552,7.027,0.392,16.74,0.22264,0,1.2293,1.2246,0.1,-0.487,1.2104,1.206,0.9
5461497700839486208,6.179,0.439,22.64,0.17583,0,1.833,0.635,1.0,1.319,1.6866,1.6687,1.079
5469964249610775168,7.088,0.594,28.19,0.21653,0,2.8041,3.3514,1.0,1.702,2.6045,2.3102,0.626
5471099461006347904,7.782,0.57,28.84,0.5262,0,2.7818,1.4614,0.802,2.013,2.518,0.7079,0.37
5477192232893310720,7.724,0.377,-25.87,0.03906,0,0.9159,0.9079,0.1,-0.212,0.6628,0.6523,1.753
5480006192386819456,6.004,0.593,-23.49,0.02462,0,2.188,2.1525,0.117,-0.136,2.3487,2.3337,0.608
5480548595216965120,5.944,0.418,-21.79,0.00156,0,1.5946,0.7091,1.0,2.315,1.5622,0.5,1.027
5481327629267108992,7.37,0.485,-28.39,0.27198,0,1.6797,1.6781,0.101,-0.295,1.5239,1.5152,0.688
5482503561250079616,7.913,0.588,-28.23,0.09037,0,2.6718,1.0891,0.886,1.109,2.558,1.122,0.526
5484222166643695360,6.375,0.511,-21.37,0.21436,0,1.4519,1.9138,1.0,1.254,1.4519,1.8565,1.873
5484573082651726848,7.065,0.547,-24.58,3.67096,0,2.1737,2.2461,1.0,0.223,2.1001,2.0982,1.562
5485916514062968448,6.677,0.392,-19.26,2.08427,0,1.3909,0.939,1.0,-0.541,1.4305,0.9417,0.44
5486877315426615808,6.801,0.441,-20.42,0.06808,0,1.3999,1.3927,0.1,-0.41,1.2216,1.2139,0.829
5488917699771960832,6.607,0.479,-15.2,0.11314,0,1.5629,2.036,1.0,2.428,1.4861,1.7296,1.455
5492026740697659648,5.899,0.561,-17.0,0.13255,1,2.3119,2.2206,0.198,-0.003,2.1924,0.5,0.862
5496317756622132224,7.459,0.508,-25.74,0.09836,0,2.0732,2.0683,0.1,-0.293,1.9443,1.9398,0.655
5499788639952559488,8.256,0.561,-26.0,0.17692,0,2.3348,0.5,0.73,-5.275,2.0409,1.9953,1.084
5500304413985680768,7.298,0.596,-29.02,0.02308,0,2.536,2.4452,0.1,-0.129,2.3471,2.3265,0.428
5509770796785820416,4.383,0.494,-16.03,0.01025,0,2.09,1.4125,0.736,3.276,1.9484,1.122,0.629
5510729742724547328,8.441,0.587,-13.21,0.19776,0,1.8529,1.8198,0.1,-0.489,1.8328,1.8124,0.528
5519439764610704896,7.97,0.583,-6.36,0.80551,0,2.7263,0.5,0.781,-1.475,2.4801,2.3676,0.54
5519928291370591104,7.173,0.461,-4.43,0.11434,0,1.8789,1.4125,0.773,2.273,1.8031,1.3685,0.607
5523621310404580096,7.355,0.591,-1.18,0.09651,0,2.8414,2.3534,0.79,1.187,2.6344,2.0116,0.448
5525892587887744640,6.321,0.366,3.05,0.02736,0,1.5863,1.3696,0.87,3.41,1.4908,1.1796,1.057
5528012038290512768,8.062,0.589,-1.56,0.49264,0,2.4468,2.3056,0.205,0.023,2.2897,2.1721,0.456
5530262601162712064,6.592,0.564,1.99,0.02787,0,2.7467,0.5,0.785,1.126,2.3873,0.5,0.569
5541379935031012608,4.398,0.318,-0.42,0.07183,0,1.3292,1.2929,0.381,1.757,1.3168,1.0835,1.935
5544579170268556800,7.679,0.388,-2.03,0.11868,0,1.4173,1.411,0.1,-0.378,1.165,1.1598,1.09
5545207128839512192,7.666,0.496,-2.99,0.12114,0,1.9376,0.5,0.805,-1.364,1.8454,1.8407,0.543
5545910781929750272,7.452,0.597,-2.23,0.0708,0,3.3946,0.5,0.762,-0.644,2.7016,0.5,0.772
5546085329398056576,6.513,0.588,-1.04,0.03634,0,1.8832,2.6864,1.0,8.074,1.8821,1.8725,0.8
5548335205069619328,8.126,0.6,2.39,5.87668,0,2.7506,2.0939,0.326,0.394,1.9953,1.2287,0.49
5549935544229546880,5.621,0.271,-28.53,0.1272,0,1.1683,1.2107,0.1,-0.678,1.1662,1.1681,2.26
5560720481990880768,7.477,0.577,-11.62,5.53727,0,2.8184,2.6649,0.73,3.562,2.5676,2.2721,0.883
5566892315632568704,6.735,0.585,-26.61,0.78815,0,2.309,2.2927,0.1,-0.182,2.2206,2.2039,0.668
5568590820579586944,7.813,0.556,-23.55,0.79774,0,2.4972,2.4644,0.166,0.045,2.066,1.9332,1.295
5574274952097988352,6.399,0.511,-20.76,0.00047,0,2.0965,0.5,0.819,0.023,1.9096,1.9033,0.711
5576835955197352192,6.503,0.412,-18.13,0.08049,0,1.4201,1.4014,0.716,1.684,1.3956,1.4066,1.003
5576836023916828288,7.783,0.547,-18.13,0.44237,0,2.293,0.5,0.801,0.745,2.2141,0.5,0.431
5578901662668400640,5.915,0.253,-15.58,0.383,0,1.1233,1.0932,0.1,-0.71,1.0961,1.096,2.056
5584100840840905984,8.134,0.528,-14.28,0.736,0,1.9953,1.723,0.363,0.774,1.909,1.7186,0.746
5586026394940746880,7.318,0.573,-10.46,2.20144,0,2.3608,2.3346,0.111,-0.06,2.1668,2.1065,0.497
5587574335515776000,5.719,0.446,-5.99,0.01573,0,1.7874,0.5623,0.895,1.275,1.6631,0.631,1.421
5588891859683801856,7.315,0.425,-4.84,0.44029,0,1.4565,1.4529,0.1,-0.254,1.4717,1.4689,1.063
5590092595099198848,8.324,0.593,-8.72,6.92656,0,3.2564,2.5119,0.375,1.94,2.1056,0.7915,0.508
5591551406512137088,7.284,0.293,-7.76,0.0883,0,1.1581,1.1572,0.1,-0.367,1.0189,1.0164,1.007
5593584059914156800,4.94,0.599,-3.88,0.03302,0,3.7625,0.5,0.689,5.06,2.595,0.5,1.378
5598030794178986880,6.936,0.416,-4.42,0.18524,0,1.6543,1.6323,0.213,0.078,1.4045,1.3694,0.839
5599832103463137152,8.418,0.565,-2.42,0.11729,0,1.9953,1.9953,0.1,-0.247,1.8744,1.8574,0.475
5599977548234680704,7.955,0.585,-3.52,0.04933,0,2.6379,0.5,0.865,1.354,2.535,0.5,0.654
5604450155374215040,7.239,0.594,-11.39,0.90005,0,2.5073,3.0945,1.0,1.584,2.3398,2.2953,0.663
5605930166746409856,6.036,0.381,-9.49,0.01036,0,1.3058,1.302,0.1,-0.227,1.1929,1.1881,0.867
5611678276101933056,7.717,0.568,-3.99,0.64777,3,2.5351,1.6178,0.414,1.994,1.9953,1.346,0.586
5615963931909123584,6.846,0.371,0.31,0.2621,0,1.4071,1.4038,0.1,-0.008,1.4233,1.4215,0.8
5616034163211937536,6.693,0.337,-5.98,0.01708,0,1.3375,1.0382,0.871,1.365,1.3416,1.0158,1.657
5616318833643776640,7.744,0.539,-6.2,0.0584,0,1.8996,1.8852,0.1,-0.41,1.8248,1.816,0.987
5618420137803146240,5.758,0.593,-1.71,0.1062,0,2.6493,0.5,0.694,6.28,2.3934,0.5,1.077
5618420137803147008,5.718,0.585,-1.71,0.07999,0,2.6263,0.5,0.72,5.279,2.3121,0.5,0.955
5621229664887069568,7.387,0.282,6.04,0.04275,0,1.0457,1.0438,0.1,-0.399,0.9283,0.9253,1.307
5622440364629286528,7.183,0.56,6.72,0.13822,0,2.1508,2.1488,0.106,-0.316,2.1581,0.5,0.963
5624801875084229888,7.927,0.582,9.03,0.21409,0,2.2919,2.2817,0.1,-0.196,2.3426,2.3372,0.665
5629203701169020672,7.746,0.385,10.26,0.31205,0,0.6567,0.5,0.342,1.756,0.5414,0.5,0.857
5631860224336629632,7.442,0.589,14.51,0.33964,0,3.5031,0.5,0.757,4.2,2.668,0.5,0.617
5638957090863641600,6.442,0.435,4.42,0.16042,0,1.79,0.5,0.886,1.913,1.6542,0.5,0.789
5639530073860552576,6.815,0.456,6.6,0.23267,0,1.8104,0.5,0.846,0.081,1.6687,1.6619,0.736
5639707060877311744,7.033,0.367,3.37,0.14159,0,1.2268,0.5,0.686,-11.339,1.1864,1.1824,0.904
5643044800220101248,7.055,0.466,3.4,0.3191,0,1.7208,1.4343,1.0,0.869,1.697,1.3173,0.896
5655719111261350400,7.957,0.596,14.23,0.27792,0,2.9695,0.5,0.786,2.833,2.7894,0.5,0.724
5657456442712755712,6.918,0.544,19.75,0.13563,0,1.9962,1.9953,0.107,-0.182,1.678,1.6389,0.776
5657609064374145792,6.553,0.587,20.73,0.05649,0,4.5921,2.1794,0.605,22.735,2.943,1.4125,1.089
5658833409227824640,6.258,0.273,21.85,0.34539,0,1.2845,1.2568,0.334,1.218,1.1867,1.1516,1.083
5659603617123861248,5.629,0.428,24.68,0.21835,0,1.3466,1.7307,1.0,5.365,1.3072,1.3038,1.641
5661903795447760000,6.448,0.532,20.05,0.10581,0,2.0877,2.3044,0.938,0.851,1.9732,2.0577,1.131
5663566325748311552,7.86,0.557,21.65,0.12972,0,2.7884,1.5644,0.597,8.076,2.4407,1.4186,0.626
5663679025689995776,7.814,0.597,22.3,0.1537,0,2.9985,0.5,0.764,0.832,2.647,2.4648,0.899
5666671823326031360,7.59,0.594,25.05,2.48235,0,2.6748,1.9953,1.0,1.623,2.5706,1.982,0.844
5667853012346925440,7.259,0.36,28.71,0.35213,0,1.3139,1.3072,0.165,-0.051,1.3398,1.3291,0.812
5674652770210602624,7.927,0.58,18.66,0.0924,0,2.614,0.5,0.631,4.03,2.3658,0.5,0.895
5675717166186042880,8.011,0.566,18.34,1.00514,0,2.3398,2.3014,0.1,-0.136,1.9771,1.9138,0.524
5676206895536834560,7.636,0.56,18.96,0.45107,0,2.5746,0.5,0.797,0.668,2.3343,0.5,0.527
5681786534794120064,8.077,0.598,22.16,0.36612,0,3.1301,2.4434,0.799,1.423,2.8265,2.5492,0.695
5684750307042557824,6.7,0.314,25.36,0.12952,0,1.3277,1.3264,0.1,-0.115,1.2557,1.1699,0.844
5688006098411216512,7.569,0.579,31.71,5.10633,0,2.9062,0.5012,0.824,1.479,2.5175,0.5,0.569
5692214307367664000,6.93,0.573,31.44,1.20739,0,1.9953,2.8001,0.996,6.115,1.9851,2.5274,0.887
5694790806719364992,7.697,0.431,5.34,0.05042,0,1.3905,1.3831,0.1,-0.327,1.3099,1.3039,0.632
5694803588542938240,6.899,0.571,6.34,0.14338,0,2.3731,0.5,0.764,-1.933,2.212,0.5,0.601
5695823866606276608,7.942,0.523,9.35,1.26346,0,1.8163,1.7431,0.1,-0.282,1.6285,1.6199,0.634
5696726325134814080,7.322,0.571,8.69,1.36821,0,2.2742,2.2608,0.1,-0.257,2.1151,2.1038,0.811
5697067105030910336,7.074,0.582,2.3,0.59136,0,2.6818,0.5,0.754,-1.442,2.3755,2.1975,0.601
5697579855405666048,7.312,0.489,3.06,1.55873,0,2.016,0.5955,1.0,1.741,1.8941,0.5,0.913
5700498302857393792,6.73,0.407,5.88,0.35602,0,1.5026,1.5028,0.877,1.981,1.4486,1.3523,1.138
5702608162585607680,6.074,0.269,13.28,0.08185,0,1.1646,1.1572,0.305,1.079,1.1744,1.1669,2.111
5703927198581312384,6.432,0.34,14.25,0.22969,0,1.3172,1.1967,0.985,-0.085,1.3134,1.132,1.26
5706189302022176128,5.906,0.552,9.62,0.52003,0,2.1242,1.9953,0.101,-1.026,1.8865,1.862,0.7
5708533980503659520,7.06,0.38,13.94,1.4919,1,1.0243,1.0205,0.1,-0.211,1.0803,1.0764,1.14
5710849345840751744,6.651,0.439,1.25,0.91689,0,1.8477,1.2845,0.778,4.197,1.7132,1.0369,0.75
5712585268542785664,6.682,0.564,3.18,2.06591,0,2.4614,2.7452,0.928,2.105,2.3377,2.2258,0.893
5722076321625589504,8.482,0.588,13.43,0.27943,0,2.4395,2.1274,0.222,0.011,1.894,1.535,0.436
5723087146474782080,7.981,0.557,12.11,0.3938,0,2.647,1.0,0.847,1.611,2.4052,0.7079,0.48
5724391721318576512,7.364,0.398,7.59,0.18054,0,1.3325,1.3288,0.1,-0.272,1.1317,1.1277,0.739
5729328494162670208,7.966,0.536,20.64,0.2952,0,2.111,2.1044,0.103,-0.23,1.9311,0.5,0.622
5729346258147408896,6.918,0.413,20.63,0.11816,0,1.6854,1.4075,0.861,2.97,1.5801,1.2398,0.874
5729850281149765632,7.147,0.543,17.77,0.42641,0,3.2866,2.5633,0.589,35.528,2.9703,2.1305,4.51
5730376397463450112,7.505,0.4,19.25,0.50998,0,1.3316,1.2694,0.285,0.345,1.1415,1.0692,0.62
5731898980549354368,6.785,0.265,23.7,0.70337,0,1.2321,1.2317,0.1,-0.021,1.177,1.1762,1.591
5735902749063049216,8.31,0.583,21.99,0.50679,0,3.0028,2.5744,0.376,1.153,2.5264,1.9953,0.766
5736266859210323456,7.308,0.451,21.64,0.15277,2,1.9118,0.5623,0.765,7.254,1.6637,0.5623,0.808
5746174695926898944,6.947,0.38,29.98,3.68668,2,1.4339,1.3849,0.295,0.418,1.3481,1.307,0.675
5749825001517303168,8.047,0.57,21.59,0.27768,0,2.6863,0.5,0.865,-0.393,2.41,2.3973,0.965
5750655308889372416,6.785,0.311,21.44,0.22483,0,1.1716,1.1698,0.1,-0.219,1.1047,1.102,1.628
5751476197399753600,6.686,0.543,14.56,1.93125,0,1.7783,2.4457,1.0,4.108,1.7494,1.7389,0.801
5756766016559683200,6.684,0.264,23.01,0.14613,0,1.4158,1.346,0.508,13.089,1.2728,0.6782,3.671
5760861216335946880,6.589,0.529,25.24,0.22272,0,2.4735,0.8913,1.0,2.819,2.0859,1.9428,1.937
5761035592009134848,6.979,0.336,23.79,2.12316,0,1.2577,0.5547,1.0,-5.164,1.284,0.5,1.454
5761055761175402496,8.314,0.567,24.01,0.43227,0,1.9399,1.9179,0.1,-0.304,1.8189,1.8067,0.637
5763283234293934592,7.349,0.598,27.52,0.22902,3,2.5922,2.5638,0.1,-0.228,1.8726,1.7401,0.957
5764662880870489728,7.739,0.529,-26.67,0.21176,0,1.4569,1.443,0.1,-0.303,1.351,1.336,0.739
5765042521619929472,6.436,0.389,-25.68,0.77385,0,1.4999,1.4982,0.1,-0.162,1.3832,1.3809,0.654
5770809391388766848,7.131,0.549,-21.17,0.00719,0,2.172,2.3442,0.946,1.59,2.0917,2.1662,0.64
5773303564798208256,7.273,0.584,-18.46,0.74162,2,2.8184,2.6269,0.735,3.279,2.6328,2.3262,0.678
5774354663552571264,7.203,0.555,-24.86,0.03271,0,2.2111,2.199,0.1,-0.09,2.1835,0.5,0.683
5775187955928125184,6.94,0.575,-21.31,1.76945,0,2.1729,2.6213,1.0,0.785,2.0844,2.0881,0.638
5777499056353611520,7.949,0.561,-20.05,1.76631,0,2.4419,0.5,0.812,-1.591,2.2134,2.2051,0.451
5779624176110464896,7.588,0.508,-17.1,0.00227,0,1.9398,0.5,0.899,-0.236,1.898,1.8941,0.754
5782500876488518144,6.639,0.308,-15.5,0.07858,0,1.1736,1.1716,0.1,-0.148,1.0353,1.0326,1.121
5784460515444446208,7.814,0.538,-17.51,0.49943,3,1.7605,1.742,0.108,-0.201,1.2307,1.1385,0.66
5784835792507168640,7.04,0.269,-16.02,0.31369,0,1.0494,1.0493,0.1,-0.24,1.0655,1.0653,1.304
5784839159761438848,7.787,0.599,-16.19,0.33098,0,2.6403,2.5849,0.1,-0.154,2.2497,2.1482,0.607
5791578513210936832,7.065,0.38,-10.78,0.00834,0,1.3582,1.3564,0.1,-0.254,1.3334,1.3306,0.901
5806595363842823552,8.28,0.597,-15.26,0.19823,0,2.5214,0.5,0.708,-15.923,2.2122,2.1931,0.536
5812139243204617984,7.752,0.516,-19.27,0.04384,0,2.0328,0.5,0.785,0.461,1.944,1.9036,0.496
5813091592082947456,8.186,0.564,-17.69,1.33787,0,2.8394,0.7079,0.759,7.203,2.3876,1.122,0.586
5818342928337050880,7.157,0.569,-11.69,4.48246,0,2.1946,2.7354,1.0,2.715,2.075,2.4665,0.583
5820077545371162496,8.296,0.575,-11.12,0.30115,3,2.2054,2.0558,0.114,-0.481,2.1702,2.1568,0.463
5824146906642587008,8.374,0.588,-8.27,0.36327,0,2.2565,2.1972,0.1,-0.168,1.7072,1.554,0.572
5825732196255621248,6.91,0.44,-7.87,0.05947,0,1.6128,1.5775,0.238,0.197,1.4621,1.429,0.75
5826074659765028864,7.652,0.598,-7.84,0.39893,0,3.2675,0.5012,0.791,4.324,2.6594,0.5,0.692
5828703901298379392,7.945,0.551,-9.49,0.70218,0,2.4279,0.5,0.744,2.494,2.0716,0.5,0.974
5832039407293261056,7.144,0.377,-6.38,0.08553,0,1.5935,0.5,0.854,4.252,1.437,0.5,1.683
5833110434699732352,5.806,0.437,-5.06,0.02309,0,1.6365,1.5599,0.59,2.92,1.5725,1.4966,1.008
5833367067579829504,7.003,0.519,-5.13,0.03781,0,2.049,0.5,0.786,1.288,2.0061,0.5,0.511
5833511619006325504,6.548,0.57,-4.69,3.87033,0,2.6145,2.4022,0.66,2.998,2.4235,2.1244,0.895
5836993566112109312,6.747,0.582,-14.04,0.8507,0,2.8424,2.3451,0.741,3.698,2.6284,2.0905,0.622
5837976628285923712,7.697,0.535,-12.61,0.14941,0,2.1907,0.6329,1.0,0.808,2.07,0.5623,1.258
5839332948905383808,6.998,0.348,-10.57,0.64951,0,1.1837,1.1818,0.1,-0.243,1.1923,1.19,1.454
5844894656693962112,7.383,0.445,-6.38,0.24382,0,1.8462,1.1088,0.898,1.931,1.6699,0.9266,1.091
5845822816293399808,8.159,0.559,-9.5,0.84822,0,1.9953,1.992,0.1,-0.241,1.8078,1.7947,0.598
5846665969920173440,7.247,0.577,-7.64,0.23976,0,2.295,2.2692,0.1,-0.154,1.9953,1.9766,1.094
5851087140577024896,5.878,0.491,-4.33,0.96964,0,1.4399,1.915,1.0,3.959,1.4399,1.8091,1.049
5853035165950560768,8.023,0.552,-3.56,0.07781,0,2.0304,2.0166,0.11,-0.354,1.9996,0.5004,0.474
5854627705415864576,5.181,0.343,-0.2,0.0274,0,1.2241,1.2233,0.1,0.044,1.2636,0.8876,2.801
5858834368253510272,5.949,0.588,-2.4,0.03275,1,2.8184,2.4521,0.735,6.079,2.5598,2.1239,0.643
5859163225323022976,7.563,0.598,-1.05,0.04347,0,2.7482,2.3358,0.257,-0.027,2.1974,1.9953,0.766
5863821508091613184,7.538,0.558,-2.68,0.63321,0,2.3238,0.5,0.789,-0.215,2.2551,2.249,0.508
5864837701762139776,5.204,0.564,-1.85,0.37935,0,2.2944,2.2742,0.587,3.453,2.1736,2.1314,1.1
5866206043905723392,7.661,0.559,-0.02,0.16326,0,1.9361,1.9133,0.1,-0.315,1.7163,1.7017,0.716
5866342142821746432,6.411,0.45,0.3,0.07986,0,1.8393,0.5,0.893,1.957,1.6655,0.5012,0.947
5869404140942539008,8.37,0.584,1.7,0.05476,0,2.3929,2.3702,0.1,-0.216,2.1499,2.0781,0.452
5874239827444442368,5.282,0.428,-2.82,1.62932,0,1.5624,1.5458,0.619,4.241,1.4981,1.4692,1.917
5874894453564489600,7.635,0.526,-1.94,0.0448,0,1.98,0.5,0.788,1.435,1.9935,0.5,0.726
5876792657266780416,7.535,0.412,-1.78,0.45477,0,1.3183,1.3007,0.171,0.037,1.2898,1.2738,0.786
5879327821838249216,6.108,0.596,1.22,0.08961,0,2.7502,2.4637,0.864,2.36,2.5099,2.0721,1.429
5881474480866577024,7.354,0.536,2.75,0.32075,0,2.2934,1.0,1.0,1.974,2.1423,0.8913,0.849
5884984225018190976,7.131,0.512,0.12,0.08145,0,2.0647,0.631,0.907,1.453,1.9664,0.5,0.7
5888766854300799104,6.608,0.382,3.08,0.13904,0,1.1926,1.1881,0.1,-0.116,1.0348,1.0294,0.672
5895430959900260736,8.217,0.549,5.03,0.36611,0,1.7009,1.6855,0.1,-0.52,1.7021,1.6909,0.753
5897174750957511040,7.219,0.589,8.18,0.04944,0,2.5119,2.057,0.26,0.151,1.5612,1.067,0.865
5902799062185674880,6.67,0.567,7.91,0.08603,0,2.2889,2.2653,0.111,-0.331,2.0848,2.0697,0.756
5902918427912754560,5.937,0.268,8.11,0.13677,0,1.0732,1.0722,0.1,-0.603,0.9756,0.9754,1.761
5905424554185095936,6.279,0.583,10.09,0.22968,0,2.4227,2.7392,1.0,0.546,2.3168,2.2446,0.869
5906058113400762880,7.897,0.589,11.0,0.10229,0,2.754,2.6574,0.243,0.176,2.4786,0.5,0.727
5908486904529394816,6.977,0.471,13.54,0.05794,0,1.7967,1.7583,0.189,0.053,1.6856,0.5,0.644
5908677875956347648,7.347,0.419,14.53,0.66849,0,1.6631,1.658,0.137,0.002,1.5023,1.4938,1.532
5908778859223528192,6.256,0.598,-19.19,2.03452,0,2.5435,2.5233,0.1,-0.285,1.9751,1.9162,1.086
5910745782443474560,6.759,0.481,-14.73,0.37663,0,1.8039,1.9886,0.947,-0.128,1.8105,1.9719,2.471
5911457510071971328,8.267,0.594,-16.19,1.70339,2,4.2036,0.5623,0.833,4.944,2.9951,2.4111,0.984
5911772932469528832,7.396,0.423,-16.49,0.08002,0,1.6956,1.6923,0.1,-0.139,1.552,1.5484,0.834
5911885426255393536,7.032,0.557,-15.89,0.08702,0,1.8813,1.868,0.1,-0.285,2.1357,2.1281,1.036
5912259157128424704,7.075,0.387,-15.33,0.06884,0,1.3793,1.3776,0.1,-0.308,1.355,0.5001,1.393
5914843181267125120,7.295,0.587,-9.99,1.24005,0,2.5119,2.5119,0.678,3.139,2.4053,2.3275,0.656
5914993092799338112,8.351,0.597,-10.77,5.6521,2,3.8987,2.8184,0.549,10.875,2.9702,1.9953,0.656
5916065494590234368,6.801,0.308,-12.31,0.414,0,1.0201,1.0169,0.1,-0.222,0.8201,0.8154,1.106
5918655875258566400,7.437,0.503,-14.65,0.31701,0,2.1381,0.631,0.943,1.028,1.9821,0.5,0.61
5920334795155430400,7.29,0.522,-14.03,0.88559,0,2.136,2.3256,0.998,2.062,1.9801,1.8867,0.642
5920429524954177792,6.031,0.398,-13.8,2.37885,0,1.5683,0.5,0.858,-0.883,1.4314,1.4248,0.744
5920983262193871616,6.566,0.358,-13.43,0.09232,0,1.4488,0.5,0.774,2.485,1.3944,0.5,1.749
5921246427739258112,5.209,0.26,-12.04,0.03619,0,1.1559,1.1283,0.16,-2.09,1.1283,1.1282,2.058
5925168145210120064,7.431,0.579,-9.17,2.05652,0,2.6301,1.7984,0.919,1.377,2.4387,1.6042,1.124
5926350154581350528,6.17,0.557,-7.27,0.01014,0,2.1974,2.4767,0.919,1.439,2.0836,2.2737,1.544
5927068960299309824,7.266,0.494,-8.18,0.34894,0,1.9624,1.6887,1.0,1.447,1.8949,1.4962,0.468
5927280100898549888,7.999,0.584,-7.28,1.18282,0,3.0005,3.0325,0.781,7.251,2.8389,2.1129,0.691
5929637763070845952,7.569,0.521,-7.12,0.40512,0,2.1257,0.5,0.778,0.907,2.0369,0.5,0.552
5931647704753800704,5.688,0.518,-3.18,3.38397,0,1.4125,2.126,0.986,20.218,1.4125,1.8286,2.034
5935775168223806464,7.92,0.56,-6.81,1.24509,2,2.5596,0.631,0.95,2.799,2.3495,0.8913,0.615
5937183024214130304,6.225,0.44,-3.3,3.83858,0,1.7572,1.7521,0.1,-0.12,1.5762,1.5723,1.236
5940183557016963712,6.6,0.517,-0.6,0.03986,0,1.9163,2.2526,1.0,2.237,1.8337,2.026,0.658
5945326041619741312,8.107,0.535,-13.93,3.45075,0,2.4443,0.5,0.783,0.489,1.9291,1.6049,0.699
5946685759563224960,4.631,0.588,-9.77,0.6552,0,3.1623,2.882,0.633,8.051,2.7375,2.3579,1.176
5946700912209734272,7.879,0.594,-9.96,0.6296,0,2.9835,0.5,0.756,2.019,2.7848,0.5,0.617
5947351720006976128,7.122,0.4,-11.25,0.13941,0,1.5409,0.8963,1.0,-0.037,1.4925,0.631,1.001
5952444383044606336,6.576,0.517,-5.16,1.79264,0,2.1835,1.122,0.901,1.068,2.0379,0.8701,0.43
5958021965020226560,7.12,0.542,-6.14,1.41621,0,2.3412,2.1135,0.957,2.095,2.2068,1.6932,0.714
5958624050720073984,7.158,0.574,-4.77,0.72954,0,2.4282,2.408,0.1,-0.25,2.087,2.0757,1.072
5958687891103171968,6.861,0.513,-5.06,0.50908,0,2.0009,1.8445,0.898,1.197,1.9266,1.7066,0.558
5960784969036529792,7.959,0.6,-4.63,0.12784,2,3.067,2.2387,0.804,2.664,2.6921,1.4125,0.446
5962278518109500288,6.894,0.371,-3.15,0.02881,0,1.4318,1.2132,1.0,0.553,1.4207,1.0999,0.852
5962298133161423744,7.798,0.582,-2.93,1.36246,0,2.6146,0.5001,0.831,2.019,2.433,0.631,0.511
5962940527141294848,6.83,0.382,-3.69,19.06466,2,1.5276,1.5099,0.837,4.027,1.4654,1.3343,0.969
5965785238627713408,7.52,0.383,-1.65,0.04169,0,1.4259,1.3326,0.337,0.924,1.3075,1.2311,0.891
5969399676946856064,7.631,0.421,4.4,0.28559,0,1.1297,1.1245,0.101,-0.318,1.1582,1.1523,0.666
5978607674502658688,7.845,0.501,2.12,0.84629,0,1.4136,1.4109,0.109,-0.559,1.6443,1.6376,0.865
5979862389141918336,7.479,0.393,3.77,0.08421,0,1.2126,1.2079,0.1,-0.313,1.2562,1.2518,1.242
5984485594939569280,6.214,0.53,3.99,0.23338,0,2.4052,1.9224,1.0,2.64,2.1632,1.4615,0.832
5986870951058297728,7.079,0.42,6.91,0.27873,0,1.6082,0.5,0.93,0.259,1.5464,1.5441,0.7
5989102478619519616,4.521,0.571,8.43,0.03931,0,2.5119,0.5,0.671,3.885,2.146,0.5824,1.224
5991049095268550016,4.677,0.288,5.17,1.06606,0,1.1117,1.0776,0.302,0.306,1.1309,1.1297,2.635
5991621524157628544,7.44,0.455,5.16,0.03403,0,1.378,1.3524,0.103,-0.395,1.2977,1.2898,0.565
5994804820797187200,6.588,0.547,8.44,0.55498,0,1.8743,1.8559,0.1,-0.468,1.5993,1.5859,0.928
5996068606335380096,7.738,0.454,9.67,0.07729,2,0.9579,0.9451,0.101,-0.113,0.6433,0.631,0.785
5996743878278656896,7.791,0.599,8.29,0.20628,0,2.8773,2.3004,0.807,2.914,2.6685,2.0068,0.751
5997130803281109120,7.651,0.52,8.37,0.40155,0,2.024,2.0215,0.103,-0.203,1.9909,1.9847,0.441
5998513610949980544,5.807,0.555,10.81,0.30622,0,2.5492,2.1761,0.737,3.671,2.3622,1.9953,1.038
5999915728801391360,7.955,0.587,10.56,0.17208,0,2.5756,0.5,0.809,-0.633,2.5555,0.5,0.579
6005100578946734208,7.57,0.514,14.8,0.26979,0,2.0546,0.8256,1.0,0.907,2.0086,0.591,0.528
6006310660211768704,6.194,0.282,14.29,0.05497,0,0.9736,0.9643,0.106,-0.602,0.8269,0.8235,1.538
6006345775864994944,6.36,0.477,14.59,0.27579,0,2.0493,1.9339,0.398,2.382,1.8846,1.6425,0.842
6007104988639551488,6.757,0.561,16.12,0.89595,2,2.5358,2.4701,0.217,0.027,2.0432,1.6917,0.488
6009628780155362560,8.045,0.555,13.79,0.61396,0,2.0579,2.0477,0.1,-0.542,1.9926,0.5,0.695
6016958777498873984,7.595,0.526,4.79,0.24078,0,1.5849,1.5743,0.1,-0.257,1.1676,1.122,0.735
6020402516642601856,6.803,0.519,7.6,0.03391,0,1.8653,1.8368,0.1,-0.211,1.8094,1.8007,0.674
6021412108821206912,7.577,0.563,9.1,0.22445,0,2.5239,1.7568,0.711,1.698,2.4784,1.7783,0.456
6025168555941932160,7.308,0.549,11.89,0.0727,2,2.5075,1.9953,0.928,1.67,2.3182,1.5849,0.504
6026959759155199104,7.683,0.579,7.35,0.06625,0,2.5119,0.5,0.698,-1.858,2.2859,2.0788,0.724
6028755231679573120,5.878,0.36,5.83,0.356,0,1.1323,1.1543,0.738,0.157,1.1489,1.1917,1.505
6034020036867495424,7.841,0.553,11.78,1.39558,0,2.3576,0.5,0.868,0.147,2.2736,0.5623,0.657
6039748526802807040,7.202,0.264,17.65,0.10554,2,1.1389,0.9843,0.403,9.003,1.0176,0.8986,2.031
6040225611767633280,7.148,0.317,17.22,0.09781,0,0.973,0.9702,0.1,-0.463,0.8812,0.8772,1.535
6041555093123155840,7.196,0.565,19.37,0.42385,0,2.3687,2.3587,0.1,-0.245,2.2791,0.5,0.645
6042963464439186944,7.915,0.52,18.59,0.26882,0,2.1423,2.1344,0.102,-0.093,1.9432,1.9237,0.697
6043145742852231808,7.545,0.51,19.21,0.42667,0,2.0592,0.5,0.895,0.302,1.9784,0.7079,0.443
6049078638867625984,7.427,0.536,16.34,0.37424,0,2.179,0.5,0.797,0.236,2.0763,2.0521,0.638
6053245135154609280,4.061,0.494,-2.15,0.13537,0,2.0319,1.537,0.761,3.076,1.9225,1.4768,1.06
6053620171671090944,5.906,0.366,-0.72,0.4609,0,1.2375,1.3105,0.8,1.493,1.2198,1.2408,1.647
6055854551117476480,8.106,0.568,2.49,0.02717,0,2.333,2.2937,0.155,-0.161,2.254,0.5,0.732
6056275114275627136,7.663,0.573,1.71,0.58443,0,2.4549,0.5,0.722,-2.306,2.2593,1.2175,0.466
6057841574782313984,5.984,0.558,1.22,0.34412,0,1.1972,1.5849,0.822,42.193,1.2589,1.8587,1.729
6059496958242770816,6.997,0.549,4.48,0.1864,0,2.5647,0.5,0.8,1.633,2.2609,0.5,0.778
6063724889685860608,8.036,0.541,6.58,0.06531,0,2.064,1.9063,0.103,-1.407,1.8776,1.8692,0.506
6063772340485964928,7.22,0.514,6.72,0.29657,0,2.1384,2.0117,0.827,3.689,1.9953,1.9155,0.888
6064782791676817664,7.095,0.588,7.23,0.45774,0,2.4044,2.3684,0.677,1.856,2.3358,2.2846,0.618
6065984179910876032,7.512,0.372,8.98,0.07457,0,1.0488,1.0438,0.1,-0.445,0.9921,0.9857,0.674
6069653971763801344,5.863,0.37,11.63,0.93991,0,1.4019,1.4012,0.1,-0.17,1.342,1.0892,1.45
6070916795257490688,8.579,0.599,2.93,0.27235,0,2.517,2.491,0.1,-0.229,1.9953,1.9953,0.506
6075859409246214912,7.987,0.559,7.27,0.05552,0,2.4582,0.5,0.813,1.223,2.2281,0.5,0.856
6076798460891176320,7.368,0.593,7.52,1.05283,2,2.9594,3.0694,0.758,5.481,2.7741,2.5867,0.782
6082591031733724288,7.607,0.545,13.45,1.07685,0,2.393,0.5,0.819,-0.214,2.0746,2.0198,0.64
6086154926875943040,6.356,0.539,15.69,0.09598,0,1.2589,1.9941,1.0,19.643,1.3621,1.3583,1.614
6093066628770287104,5.758,0.404,13.59,0.0802,0,1.3814,1.3789,0.1,-0.103,1.4152,1.4134,1.153
6094686278114775552,7.097,0.474,13.41,0.22916,0,1.9546,0.5,0.867,0.682,1.7386,1.6961,1.156
6118073130952792064,7.201,0.478,23.37,0.15258,0,1.629,1.5967,0.101,-0.207,1.388,1.3769,0.642
6127363626255542400,6.288,0.573,12.86,0.276,0,2.0884,2.5618,0.952,2.436,2.0317,2.0199,1.09
6130179235013737728,7.294,0.393,14.22,0.36009,0,1.499,1.4785,0.179,-0.023,1.242,1.2065,0.936
6132928559536171520,7.246,0.56,17.29,0.15547,0,2.4199,2.5419,1.0,2.442,2.3072,2.0734,0.762
6134363770111184896,7.781,0.43,16.89,1.30498,0,1.2099,1.2,0.1,-0.545,1.0437,1.0347,1.067
6136589834475210752,8.182,0.59,19.68,0.15471,0,2.692,0.5,0.766,-1.449,2.4646,2.4209,0.31
6139339536959806336,8.091,0.588,20.95,0.14513,0,2.1777,2.1324,0.113,-0.19,1.6692,1.5849,0.66
6140582023756182656,7.452,0.438,23.59,0.14216,0,1.7769,1.7716,0.1,-0.048,1.5815,1.569,0.635
6141313954902664832,7.894,0.593,23.23,0.35726,0,3.5249,0.5,0.783,1.782,2.6751,2.1746,1.008
6141995823908711424,7.81,0.467,23.84,0.27094,0,1.833,0.5,0.744,-0.443,1.6161,1.6109,0.757
6142836641068168576,6.781,0.436,26.52,1.11437,0,1.6101,1.6464,1.0,1.279,1.5371,1.4426,0.524
6146015672781450752,7.888,0.596,20.47,6.0679,0,2.9789,2.9498,0.753,3.334,2.8119,2.6427,2.943
6146871161547798016,6.659,0.308,21.33,0.12199,0,1.2871,1.2863,0.1,-0.061,1.2444,0.6439,1.142
6148648281576023424,5.033,0.574,19.57,1.63089,0,2.9341,2.3078,0.68,5.858,2.5674,1.9663,0.884
6150268480679092352,7.655,0.592,23.02,0.48912,0,2.8184,2.7161,0.676,4.447,2.5912,2.3777,0.568
6150582597406438016,6.837,0.381,23.65,0.25583,0,1.4518,0.5,0.85,1.098,1.4362,0.5,1.03
6165108932715697792,7.287,0.567,27.71,1.41544,0,3.0033,2.8184,0.562,14.992,2.832,2.556,1.852
6165108932715697920,7.359,0.581,27.71,1.33922,0,3.1623,3.1623,0.559,24.233,3.1623,2.9894,2.45
6166285788114638720,7.368,0.443,26.36,0.16816,0,1.4217,1.4155,0.1,-0.224,1.1618,1.1531,0.77
6168697669949261056,6.706,0.458,29.75,0.18697,0,1.9277,0.7079,0.933,2.538,1.7222,0.5407,0.701
6170091988132415232,6.741,0.538,26.49,0.98608,0,2.0435,2.0338,0.104,-0.168,1.9562,1.9467,0.447
6173844930555348992,8.415,0.6,31.6,1.43848,0,3.374,2.5119,0.406,1.842,2.5483,1.9258,0.571
6174111562125155456,7.894,0.535,31.62,1.08041,0,2.6048,2.2664,0.442,3.229,2.1685,1.7907,0.391
6175975818449591936,6.342,0.584,32.46,0.11581,0,2.6285,2.0081,0.858,0.617,2.4347,1.8658,1.062
6180382180017590784,6.511,0.425,29.78,0.10445,0,1.6043,1.5997,0.1,-0.109,1.2726,1.267,0.665
6180493299411153536,7.777,0.532,30.26,0.3348,0,2.4488,1.4452,0.988,3.047,2.1513,1.4125,0.622
6180578820799925120,7.813,0.585,30.79,0.8702,0,2.9814,1.4918,1.0,2.144,2.5578,1.122,0.481
6183258502435270400,8.394,0.582,34.06,0.46287,0,2.3746,2.2832,0.195,0.009,1.8259,1.507,0.362
6185346681174757120,7.387,0.42,33.99,0.68718,0,1.7199,1.6753,0.339,1.26,1.513,1.4504,1.085
6189848867757635968,7.425,0.574,35.88,1.6839,0,2.8358,2.3762,0.683,6.581,2.5276,2.0386,0.65
6192650599479269632,6.992,0.589,36.51,0.49592,0,2.569,2.4995,0.698,2.263,2.442,2.2794,0.56
6194009389692803584,6.626,0.364,38.29,1.21105,0,1.3467,1.3246,1.0,0.5,1.3296,1.2309,2.056
6194043474553294848,8.215,0.595,38.55,0.87254,0,2.5953,2.4267,0.241,0.22,2.2443,1.9971,0.381
6195976656512856576,8.699,0.598,39.76,0.49219,0,4.4668,10.0,1.0,226.252,7.0795,9.742,8.429
6197718179858321792,7.197,0.331,16.88,0.34273,0,1.1519,1.1495,0.1,-0.3,1.075,1.0714,0.692
6199409842916353664,7.886,0.533,17.45,0.18635,0,2.1583,2.165,0.105,-0.133,1.9096,1.8298,0.498
6214384886347032704,7.673,0.599,26.07,0.84332,2,2.9247,2.7051,0.955,2.848,2.721,1.6309,0.804
6238060425410491904,7.874,0.527,23.37,0.16006,0,2.1532,2.112,0.157,0.0,1.7541,1.6476,0.484
6238313489182927616,7.924,0.576,24.18,0.13567,0,2.5579,0.5,0.769,-3.536,2.2103,2.0698,0.624
6243683778850814464,7.796,0.466,21.94,0.21512,0,1.8553,1.0805,0.603,7.275,1.7808,1.1775,0.661
6246463756562441216,7.269,0.55,22.92,0.50335,0,2.3462,0.5923,0.945,0.934,2.2415,0.5,0.433
6249039671791242368,6.645,0.582,24.53,0.09278,0,2.5025,2.4782,0.959,0.739,2.3713,2.0796,0.51
6253911779610362368,6.54,0.595,27.97,0.34716,0,2.833,3.0067,1.0,1.11,2.6497,2.2223,0.443
6261445530206341120,7.617,0.582,30.4,1.62084,0,3.1621,1.7783,0.951,2.338,2.6174,0.631,0.455
6265394975973403264,7.313,0.486,31.97,0.27335,0,2.1267,1.5849,0.842,2.441,1.9538,1.3233,0.89
6269804842229339136,7.41,0.486,31.39,0.46217,0,1.8963,1.8914,0.1,-0.176,1.5894,1.5777,0.432
6270639955670143488,7.996,0.597,33.11,0.19186,0,3.5001,0.5,0.76,2.404,2.673,2.0368,0.711
6272383712392651904,6.952,0.532,33.88,0.27672,0,1.9613,2.2796,0.987,2.046,1.9061,2.1075,0.791
6289031898984422784,7.717,0.504,39.78,0.82496,0,1.9138,1.9006,0.103,-0.156,1.6419,1.632,0.483
6293246911169554944,7.476,0.455,42.29,0.28194,0,1.5989,1.5928,0.1,-0.097,1.2983,1.2904,0.446
6293670601102816128,7.792,0.561,43.51,0.30417,0,2.5178,0.5,0.849,0.201,2.2474,2.1662,0.547
6302692575045100032,8.205,0.592,46.27,1.57294,0,2.7332,2.6332,0.211,0.075,2.4528,2.2651,0.404
6310001097554954112,7.778,0.51,38.67,0.41188,0,1.9953,0.5,0.769,-2.399,1.7363,1.7272,0.546
6311444137847218560,7.887,0.553,40.21,0.76526,0,2.5508,2.5315,0.107,-0.106,2.3189,0.5,0.377
6339097679918871168,6.572,0.271,46.28,0.44457,0,1.2569,1.1701,0.338,-0.031,1.189,1.176,1.835
6339187839872400512,7.33,0.528,47.17,0.69222,0,2.3195,2.2124,0.583,2.411,2.0528,1.966,0.931
6341181494973204096,5.375,0.418,-27.71,0.23086,0,0.8093,1.2256,0.949,10439.29,0.9292,1.2047,167.375
6346292639197238272,6.904,0.271,-29.62,0.31383,2,1.0588,1.0375,0.1,-0.848,1.0596,1.0595,1.335
6346617755337978240,6.117,0.283,-29.6,0.01808,0,1.2476,1.2426,0.267,0.234,1.2228,0.8497,1.373
6347968299214361600,7.108,0.481,-31.14,4.31979,0,1.8111,1.8038,0.101,-0.134,1.6376,1.63,0.596
6349549740532306688,7.157,0.404,-32.01,0.73458,0,1.5818,0.5,0.832,1.586,1.5084,0.5,0.737
6356653719519649024,7.879,0.504,-34.91,0.395,0,1.9189,1.8188,0.185,-0.173,1.6909,1.6491,0.703
6356922790630285312,5.417,0.405,-36.59,0.01896,0,1.2486,1.2464,0.1,-0.514,1.2866,1.2841,1.973
6358005362906955264,5.848,0.532,-36.95,0.37111,0,1.6099,1.658,0.696,0.792,1.6099,1.9977,0.882
6361995902921411712,8.148,0.553,-31.26,0.63239,0,2.0501,2.0325,0.1,-0.228,1.848,1.8352,0.517
6373604233152958080,7.536,0.479,-34.23,0.58399,0,1.861,0.5,0.786,-0.883,1.7281,1.722,0.557
6376446646806738816,6.953,0.365,-35.66,0.06285,0,1.37,1.3688,0.1,-0.194,1.3236,0.8905,0.984
6378379760046114560,7.197,0.558,-40.2,0.04103,0,2.0587,2.0419,0.1,-0.264,1.7347,1.7181,0.76
6379477931644175232,7.724,0.583,-42.09,0.74002,0,2.1636,2.1213,0.111,-0.262,1.6597,1.6178,0.702
6383747713251978624,5.681,0.536,-41.99,0.17212,0,1.9038,2.1429,1.0,2.273,1.8739,2.0541,0.712
6384851004450692480,7.611,0.508,-44.7,0.13054,0,2.0897,0.5912,1.0,0.988,1.9705,0.5,0.675
6385955326441803264,5.523,0.288,-44.26,0.44685,0,1.1536,1.1498,0.16,0.017,1.0959,1.0922,1.786
6386041088348731776,7.97,0.561,-44.54,2.03624,0,2.4919,0.5684,0.842,2.433,2.2877,0.631,1.031
6389245614987683072,6.639,0.563,-49.36,0.01206,0,2.4474,0.5,0.745,-4.109,1.8831,1.7236,1.757
6390251565048081152,7.055,0.465,-50.52,0.1057,0,1.8259,1.5412,0.994,2.439,1.731,1.3007,0.549
6390800290069676544,6.37,0.539,-46.48,1.3694,0,2.3738,1.4125,1.0,1.665,2.1953,0.8635,0.722
6391006104902532352,7.449,0.489,-45.85,0.12549,0,2.3466,2.1618,0.578,6.249,2.0653,1.9108,0.731
6391707146644593280,7.952,0.598,-47.83,0.21142,0,2.2968,1.9953,0.21,0.019,1.579,1.2362,0.631
6396238680739773696,7.891,0.585,-38.9,0.84985,2,2.8184,2.5888,0.604,7.762,2.5952,2.3468,0.836
6401764001548419840,8.014,0.506,-40.43,0.08032,0,2.0889,1.9953,0.299,0.481,1.7159,1.5451,0.658
6403609737975024512,8.085,0.577,-42.74,1.16551,0,2.6622,0.5,0.867,1.702,2.4644,0.5,0.464
6404246595723521664,7.595,0.509,-45.34,0.56118,0,1.9953,1.9953,0.102,-0.125,1.7516,1.7217,0.685
6415501540344345856,8.291,0.54,-27.82,0.05047,0,1.5307,1.5108,0.1,-0.271,1.4839,1.4698,0.665
6415859362659752192,7.004,0.309,-28.53,0.69709,2,1.1765,1.1759,0.1,-0.28,1.0669,1.0649,1.331
6417765125549103488,8.034,0.562,-23.57,0.37117,0,2.4968,0.5,0.725,2.451,2.2757,0.5,0.413
6419398072115012864,6.955,0.361,-24.31,0.1808,0,1.3726,0.8169,0.892,2.216,1.3711,0.7973,1.158
6423690668587976448,5.702,0.282,-31.18,0.03637,0,1.1268,1.122,0.101,-0.037,1.1535,1.1548,2.702
6424093742678997120,6.689,0.302,-33.08,0.53242,0,1.2431,1.2411,0.1,-0.213,1.1175,1.1146,1.707
6424754274290040832,7.134,0.524,-34.11,0.05562,0,2.3038,1.9953,0.892,3.253,2.1305,1.6293,0.966
6428420939413735424,5.976,0.423,-30.65,0.22439,0,1.6421,1.4429,0.824,3.427,1.5459,1.3557,1.62
6428553842878813312,6.726,0.57,-31.73,0.10911,0,3.2105,0.8913,0.804,4.681,2.3941,1.9641,0.798
6430083675866637824,8.071,0.598,-32.91,1.41883,0,2.5119,1.9953,0.232,0.99,0.9488,0.5,0.808
6434941180801403648,7.535,0.463,-25.26,0.8317,0,1.6687,1.6275,0.235,0.101,1.5822,1.5343,0.782
6436107144164396800,7.626,0.561,-21.77,0.38447,0,2.5905,1.5849,0.854,2.275,2.4211,1.122,0.63
6438274350302427776,4.725,0.282,-23.76,0.01837,0,1.1957,1.1709,0.335,0.799,0.9706,0.9508,1.874
6444686702113147648,6.475,0.58,-27.64,1.07621,0,2.8184,2.6683,0.744,2.619,2.5811,2.2747,0.915
6445028718949194240,7.262,0.468,-26.68,0.03419,0,1.916,1.3227,0.888,1.479,1.7873,1.2702,0.57
6446807110287985152,7.051,0.483,-29.03,2.80104,0,1.8201,1.846,0.818,1.308,1.7356,1.6711,0.712
6448574845812814080,5.298,0.251,-30.01,0.02606,0,1.2213,0.8982,1.0,-8.147,1.1931,0.795,2.704
6449072997593643520,7.745,0.574,-31.52,1.58068,0,2.8184,3.0284,1.0,2.443,2.5378,2.4077,0.726
6449840559790533504,8.538,0.597,-39.38,0.40182,0,2.234,2.2036,0.1,-0.18,1.9953,1.9953,0.463
6454059557705095936,4.777,0.545,-36.19,0.54316,0,0.8918,1.258,0.895,2426.791,0.9292,1.4542,41.656
6454999399628150016,4.669,0.416,-36.09,1.15258,0,1.7211,1.5056,0.603,5.727,1.5295,1.3519,1.646
6459416790670371712,7.547,0.493,-42.61,1.71291,2,1.9994,0.5,0.86,0.9,1.877,0.5012,0.544
6462857643590662656,7.374,0.579,-43.14,0.02054,0,2.4821,1.3329,0.386,-2.195,2.0305,1.8415,0.415
6464215849687596288,6.65,0.334,-41.43,0.61375,0,1.2589,1.2565,0.1,-0.158,1.1584,1.1559,0.769
6464907854818583552,7.316,0.595,-42.63,0.03591,0,2.9435,0.5,0.597,2.07,1.9953,0.5,0.885
6467891757578701440,7.707,0.582,-36.75,1.95768,2,3.1623,2.8411,0.674,13.702,2.662,2.2713,1.018
6471630024096107008,4.435,0.381,-38.16,0.07541,0,1.3565,0.9297,0.615,5.501,1.2759,0.8631,1.327
6473918077731161344,7.58,0.567,-34.25,38.99629,0,2.5917,2.5843,0.103,-0.209,2.2397,0.5,0.974
6474956532103189632,7.84,0.509,-38.07,0.04662,0,2.4361,0.5,0.739,3.413,1.7321,1.1236,1.33
6482479321941847040,7.295,0.405,-38.85,0.12135,0,1.5576,1.5546,0.1,-0.041,1.4686,1.4663,0.869
6483120612098375296,8.154,0.527,-42.03,0.10562,0,1.9179,1.8251,0.101,-0.45,1.7036,1.693,0.453
6483658857399399680,6.412,0.337,-42.44,0.22972,0,1.3039,1.5578,0.98,1.231,1.2657,1.3881,3.613
6490761943032664960,7.318,0.574,-52.94,0.77555,0,2.5119,2.5116,0.101,-0.161,2.2518,2.2049,0.479
6491028780760210304,7.984,0.584,-51.49,0.22031,0,2.7457,2.6211,0.246,0.205,2.3748,0.9221,0.605
6491647874526893568,7.012,0.306,-53.26,0.1987,0,1.3085,1.2599,0.375,1.373,1.2494,1.198,1.188
6491698658220154368,6.62,0.468,-52.52,0.13835,0,1.9377,1.5437,0.853,0.938,1.7926,1.456,0.578
6492406743706907776,3.892,0.596,-54.82,0.03124,0,2.2387,2.7136,0.848,3.355,2.1472,2.795,2.308
6493005015473037952,6.517,0.386,-55.84,0.38336,0,1.3741,1.3621,0.77,1.484,1.3598,1.3258,1.001
6494429359770704384,7.345,0.468,-56.7,1.4429,0,2.0349,1.8459,0.592,5.131,1.8243,1.6821,0.545
6495400713870605440,7.522,0.576,-56.38,0.79447,2,2.8446,1.9577,0.768,3.042,2.4966,1.5849,0.629
6495758811064236288,7.687,0.553,-57.03,4.98495,0,2.5873,2.1786,0.815,2.594,2.3722,1.8996,0.674
6495777571481365504,6.642,0.512,-57.34,0.16896,0,1.5841,2.0666,1.0,2.342,1.5208,1.9089,1.068
6496448204854683776,7.547,0.586,-58.48,0.37117,3,2.2074,0.5,0.801,-1.095,2.3178,2.3105,0.353
6499092118002552192,6.834,0.569,-56.82,0.66436,0,2.3854,1.122,0.894,1.929,2.2884,1.0729,0.975
6501173218636511488,5.423,0.55,-59.93,1.82119,0,2.5798,2.0676,0.649,11.666,2.2827,1.9283,1.31
6502030631547830400,6.062,0.539,-61.1,0.68147,0,1.5337,1.5051,0.477,4.412,1.5342,1.5173,0.894
6506505197195859968,8.281,0.574,-55.08,0.46588,0,2.3334,2.3095,0.1,-0.183,2.0835,2.0708,0.395
6507041892013489024,7.813,0.534,-53.93,0.12024,0,2.607,1.5557,0.619,15.347,2.1791,1.2592,0.764
6509900042425821568,8.213,0.565,-50.94,0.93147,2,2.3957,0.5,0.721,0.519,2.2657,0.5,0.558
6514701300466473216,7.267,0.409,-59.2,0.47982,0,1.5729,1.5555,0.237,0.067,1.4389,1.4203,0.766
6515400177544726656,5.686,0.281,-59.49,0.24352,0,1.0614,1.0621,0.1,0.167,1.0647,1.0663,1.993
6516125442902975872,6.555,0.381,-58.55,0.11767,0,1.4195,0.8211,1.0,0.306,1.3981,0.672,0.747
6516220928615673216,7.25,0.59,-59.06,7.46011,2,2.5119,2.5119,0.631,2.74,2.3805,2.3065,0.605
6518814951423530880,5.54,0.508,-55.24,1.52843,0,2.2049,2.022,0.62,5.281,1.9998,1.8354,0.77
6519284133650892288,7.59,0.576,-57.32,0.19403,2,2.4799,2.551,0.975,1.496,2.3371,2.1022,0.635
6525488231089676800,6.473,0.289,-65.88,1.11751,0,1.2945,1.2627,0.59,4.987,1.2396,1.0287,1.842
6525642265796991232,6.969,0.394,-66.57,0.13964,2,1.1136,1.109,0.1,-0.223,0.9864,0.9797,0.697
6528247455519551232,7.782,0.573,-65.23,0.58352,0,2.7235,1.7783,0.877,2.573,2.4546,1.5093,0.737
6530806981149912192,7.623,0.596,-68.2,0.05955,0,1.9953,1.9953,0.1,-0.443,1.6206,1.5951,0.652
6533152479969562112,7.786,0.576,-71.25,0.31603,0,2.8184,2.5141,0.744,3.71,2.5759,2.1251,0.671
6533188763853384960,6.75,0.278,-71.51,0.79349,0,1.0875,1.1579,0.211,-2.661,1.1595,1.1594,1.245
6533852319120781440,7.259,0.364,-70.36,90.12129,0,2.6146,1.0,0.995,1.331,1.5117,0.5,1.085
6534547279188899584,6.289,0.269,-71.2,0.12539,0,1.1333,1.1414,0.1,-0.306,1.1265,1.1265,1.518
6535343256888299008,6.621,0.292,-68.0,0.92475,0,1.3013,1.2954,0.222,0.048,1.2175,1.2031,1.431
6540158877300621696,7.471,0.516,-61.85,1.65209,0,1.8724,1.0979,0.977,1.68,1.9948,1.3059,0.905
6548377314399810048,5.424,0.596,-66.43,0.5879,0,2.7422,2.5554,0.637,3.443,2.6326,2.4678,0.873
6551113002409226752,7.149,0.541,-71.17,1.36917,0,2.3018,0.5,0.757,-4.766,1.943,1.9277,0.489
6558125275255499392,8.169,0.573,-49.81,0.36103,0,2.1246,2.0006,0.19,-0.036,1.6208,1.4125,0.583
6561558431592433664,7.375,0.507,-50.72,2.19716,0,1.7829,1.7716,0.103,-0.137,1.5897,1.5713,0.822
6568533527202102272,8.437,0.579,-55.69,0.25565,0,2.2582,2.1994,0.1,-0.355,1.7553,1.7325,0.499
6568561049352597888,8.125,0.517,-55.8,0.38095,0,2.081,1.9679,0.293,0.362,1.6089,1.3326,0.58
6569498898411299456,6.534,0.597,-56.8,0.18074,0,2.5119,2.4561,0.678,1.619,2.3882,2.2915,0.673
6570645379800900736,7.94,0.581,-56.07,1.9487,0,2.6298,1.0,0.847,1.978,2.4772,0.7079,0.514
6574835927851224192,6.971,0.597,-54.75,1.66314,0,2.7654,2.4763,0.761,2.525,2.592,2.2156,0.756
6578730294958563968,5.53,0.464,-46.06,0.04831,0,1.4645,1.4117,0.516,8.592,1.5092,1.4799,1.962
6580790951548615808,7.733,0.457,-44.71,0.13817,0,1.6017,1.5963,0.1,-0.218,1.4617,1.4572,0.502
6581679185145249920,5.721,0.595,-43.33,0.02019,0,2.701,0.7079,0.754,3.369,2.5786,0.6912,0.571
6582251961983723392,7.255,0.57,-45.59,7.55142,0,2.752,1.5849,1.0,3.251,2.4079,1.1141,1.23
6589639718049005952,7.268,0.541,-48.07,0.19301,0,2.3955,0.5,0.811,1.107,2.1058,1.9953,0.695
6592452612389923328,6.06,0.313,-47.86,0.10889,0,1.2629,1.2469,0.288,0.831,1.2748,0.9258,2.002
6595864431329840768,8.13,0.588,-60.44,0.70134,0,2.7139,0.5,0.826,1.367,2.5879,0.5,0.347
6598227797214051456,7.288,0.351,-56.38,0.1419,0,1.1647,1.1625,0.1,-0.316,1.1189,1.1157,1.075
6599618335825582464,7.342,0.572,-57.26,2.09583,0,2.5587,2.6016,0.94,1.485,2.4044,2.1389,0.794
6599619950733282304,7.381,0.474,-57.29,1.99637,0,1.8847,0.5,0.829,0.198,1.7304,0.5,0.606
6602965661537192704,7.819,0.557,-64.78,0.16144,0,2.3982,2.4185,0.105,-0.156,2.1041,0.5,0.588
6603602141330816128,6.277,0.439,-63.19,0.39081,0,1.6173,1.4445,0.976,1.549,1.6225,1.434,1.505
6611824083124944384,6.326,0.324,-54.53,0.4332,0,1.43,1.2626,0.897,4.739,1.3425,1.1136,1.753
6614587087126459776,7.834,0.523,-58.03,0.15821,0,2.147,0.5,0.79,0.329,1.946,0.5,0.508
6616589946340748928,7.067,0.442,-53.16,0.10643,0,1.6426,1.6016,0.277,0.336,1.4389,1.3802,0.75
6617124931762408192,7.808,0.447,-50.78,0.24274,0,1.5468,1.5392,0.1,-0.248,1.4141,1.4071,0.813
6618491586059877504,7.099,0.411,-53.9,0.14645,0,1.1803,1.1783,0.1,-0.377,1.2418,1.2386,0.815
6619460878574794880,7.155,0.463,-52.04,0.05922,0,1.5723,1.4967,0.274,0.408,1.4308,1.3532,0.703
6621734496822180480,8.544,0.575,-57.14,0.18407,0,1.4406,1.4162,0.1,-0.261,1.1664,1.1375,0.39
6621953093477922816,7.903,0.506,-57.22,0.20706,0,1.5796,1.4799,0.1,-0.372,1.4288,1.4186,0.589
6622809063279785856,8.033,0.596,-61.33,0.79017,0,2.7193,0.5,0.771,-1.109,2.6019,0.5,0.466
6623203203838628864,6.492,0.274,-61.77,0.1895,0,1.2731,1.2211,1.0,2.802,1.2489,1.1169,1.385
6626391924998053760,6.812,0.5,-54.67,1.83474,0,1.9199,1.913,0.1,-0.083,1.8533,0.5,0.47
6627036410610655616,7.607,0.342,-55.0,0.52891,0,0.8885,0.8831,0.1,-0.314,0.9178,0.9131,0.983
6628926642897745664,5.095,0.589,-58.2,0.15203,0,2.8007,0.772,0.725,5.16,2.6147,0.631,0.759
6630558558672843392,4.289,0.315,-19.59,0.12937,0,1.1098,1.1001,0.49,7.175,1.1139,1.1102,3.2
6631294853509354368,7.792,0.583,-20.41,0.18942,0,2.5757,0.5,0.764,-5.159,2.3186,2.2894,0.645
6634682277034561536,6.771,0.31,-20.13,0.33811,0,1.3839,0.5044,1.0,-1.067,1.2924,1.1401,0.894
6635173208978476416,6.978,0.566,-18.77,0.44194,0,2.9917,1.122,0.81,2.369,2.5431,0.5,0.611
6640466189231878400,6.188,0.592,-27.42,0.03485,0,2.9255,2.8566,0.192,0.032,2.5396,2.348,0.632
6645186117772463616,7.978,0.592,-27.27,0.09816,1,3.0801,2.0663,0.388,2.357,1.9953,1.1346,1.602
6646711861954352000,7.878,0.585,-26.47,0.55993,0,2.572,2.5567,0.1,-0.142,2.4344,2.4205,0.712
6648250181802161792,6.93,0.597,-18.15,0.03978,0,2.6304,0.5,0.891,0.632,2.5623,0.5,0.432
6648316599176366592,6.75,0.571,-19.13,0.04496,0,2.356,2.3026,0.1,-0.389,1.9317,1.9158,1.079
6650996349530929920,7.871,0.586,-19.03,2.95331,0,2.9535,2.0183,1.0,1.547,2.6236,1.442,0.487
6660154010080275072,7.705,0.554,-25.1,0.32342,2,2.8465,1.0,0.753,3.917,2.3968,0.5,0.641
6666516540271227904,7.569,0.418,-31.11,0.45005,0,1.687,1.6827,0.1,-0.043,1.422,1.4149,0.641
6669442615590221056,6.687,0.35,-35.22,0.01327,0,0.9739,0.9712,0.1,-0.571,0.9689,0.9646,1.164
6669908499283529984,7.526,0.441,-29.7,0.20325,0,1.7047,1.6988,0.1,-0.201,1.6073,0.5,0.562
6676695234806426752,7.58,0.564,-39.07,0.45191,0,2.4443,2.4742,0.965,2.342,2.284,1.9798,0.741
6676695745905896192,5.01,0.504,-39.03,0.32847,0,1.9489,1.9072,0.541,7.394,1.7907,1.7552,1.557
6680036513203406848,6.952,0.444,-33.47,0.01502,0,1.3816,1.3735,0.1,-0.098,1.3161,1.3101,0.547
6681119875753642112,6.515,0.591,-36.87,0.21819,0,1.5849,2.438,1.0,7.779,1.5849,2.2987,1.204
6682492375502951168,6.391,0.372,-35.94,0.7494,0,1.4878,1.4857,0.1,-0.207,1.3851,0.5,0.961
6684760599272930816,7.395,0.536,-27.03,0.07507,0,2.3278,0.5,0.93,0.714,2.1563,0.5,0.776
6685705320278556544,7.552,0.591,-30.51,0.23271,3,2.8449,1.9991,0.774,1.49,2.603,1.6759,0.388
6691115226725317120,6.459,0.553,-28.74,0.02983,0,2.5119,2.4082,0.249,0.167,2.1257,0.5,0.653
6692401105573442944,6.922,0.579,-32.92,0.7922,0,2.702,2.6219,0.198,-0.012,2.4338,2.4187,0.448
6695993106982305664,6.931,0.498,-33.11,0.8677,0,2.0333,2.0286,0.101,-0.132,1.8103,1.7957,0.626
6697336607113232768,7.45,0.388,-29.82,0.57888,0,1.2179,1.2117,0.1,-0.208,1.1717,1.1671,0.492
6698005866097076096,6.859,0.508,-28.52,0.15142,0,2.1564,1.122,0.975,1.28,2.0448,0.9941,0.651
6699141318010205056,6.452,0.529,-31.76,1.26026,0,1.9683,1.7874,0.1,-0.587,1.5978,1.5779,0.643
6700218083491406336,7.268,0.527,-31.6,0.15452,0,2.212,2.1435,0.103,-0.138,1.8993,1.8905,0.811
6701977576979046016,7.005,0.512,-16.23,0.01462,0,2.187,0.5,0.8,2.386,1.8984,0.5,0.56
6702762903160966912,6.482,0.476,-14.93,0.01117,0,1.981,1.8417,0.63,2.893,1.7988,1.6738,0.498
6702775135228913280,6.912,0.576,-14.0,0.01486,0,2.4847,2.4368,0.115,-0.038,2.017,1.891,0.882
6705224984570953600,6.811,0.452,-17.27,0.14457,0,1.751,1.7465,0.1,-0.097,1.6658,0.5,0.481
6705303771450964224,5.8,0.331,-17.86,0.31978,0,1.0,1.2671,0.981,6.807,0.9996,1.2702,1.808
6705361972549630848,8.275,0.585,-18.27,0.0246,2,3.252,2.219,0.41,1.824,2.2276,1.4125,0.479
6717992410510940928,7.494,0.598,-20.17,0.04152,0,2.104,2.0682,0.1,-0.242,1.6148,1.588,0.515
6720485037743818624,6.624,0.331,-13.32,0.91783,0,1.1677,1.1671,0.1,-0.462,1.1279,1.1261,1.09
6730097994873651840,7.763,0.532,-15.12,1.71636,0,1.9697,1.8491,0.1,-0.413,1.7125,1.6975,0.809
6732146217551368064,8.134,0.59,-14.68,0.16676,0,2.2913,2.192,0.132,-0.104,1.8758,1.6334,0.472
6732957004301738368,7.598,0.555,-12.87,0.35145,0,2.4077,0.5,0.799,0.759,2.2102,2.1045,0.262
6733282906427174144,6.912,0.444,-12.14,0.51966,0,1.6678,1.7101,1.0,1.868,1.6012,1.4966,0.636
6735776117751725696,8.01,0.592,-14.37,0.05327,0,2.1053,2.081,0.1,-0.415,2.2881,2.2749,0.647
6736604427984866176,7.192,0.566,-11.74,0.82218,0,2.8877,2.2387,0.828,1.984,2.5315,1.5849,0.618
6738118146223728384,8.397,0.598,-25.38,0.22795,0,2.1948,2.1887,0.105,-0.279,1.619,1.591,0.419
6752186844177668608,7.968,0.577,-22.62,0.86538,0,3.5481,3.1371,0.703,7.656,2.9337,1.4145,1.815
6755983904507837568,7.666,0.595,-18.82,2.94928,0,3.5481,3.1821,0.604,23.618,3.4865,2.7421,1.196
6763156018855811968,7.009,0.516,-16.5,0.3625,0,1.3656,1.3552,0.1,-0.294,1.3834,1.3693,0.818
6774363993708094720,5.206,0.576,-41.46,0.11186,0,2.5119,2.5118,0.587,6.698,2.3737,2.3042,1.321
6775638705641664896,6.007,0.54,-40.64,2.27294,0,2.3556,0.5,1.0,0.766,2.1137,2.0865,0.855
6784526504804666496,7.965,0.593,-44.1,0.44161,0,2.5478,0.631,1.0,1.111,2.4706,0.8325,0.481
6787960245258216960,8.583,0.539,-43.47,0.31241,0,0.5,0.5,0.102,-0.311,0.5,0.5,0.416
6790323679861866112,8.387,0.575,-42.79,0.19954,0,2.0615,1.9953,0.176,-0.02,1.8136,1.5849,0.415
6794952692535208576,6.713,0.458,-36.67,0.09773,0,1.7653,1.759,0.1,-0.191,1.4846,1.4787,0.886
6796966379362613632,6.95,0.363,-33.95,0.03808,0,1.3354,1.332,0.1,-0.166,1.181,1.1772,0.734
6799009478125972480,6.919,0.55,-36.02,0.0518,2,2.8937,0.5623,0.787,4.637,2.3378,0.631,0.608
6799948220537687424,7.103,0.574,-33.72,0.10561,0,3.0404,2.9498,0.233,0.118,2.3079,2.019,0.571
6800404105546751744,6.304,0.465,-33.67,0.42733,0,1.7416,0.5,0.708,2.432,1.5638,0.5,0.617
6804843108863848576,7.438,0.565,-40.76,0.26424,0,2.1449,2.1169,0.109,-0.195,1.8568,1.841,0.458
6805455124526007424,4.031,0.595,-35.5,0.37832,0,3.0684,1.6978,0.763,4.479,2.6887,1.1394,1.552
6807650230768956928,8.109,0.541,-38.12,0.0678,0,1.6589,1.6451,0.1,-0.159,1.5606,1.5463,0.401
6809672541889196160,7.551,0.558,-49.17,0.13232,0,2.1465,1.9462,0.191,-3.956,2.0887,0.5,0.637
6813658512058329344,7.303,0.585,-50.95,0.25127,0,2.9051,1.4125,0.823,1.478,2.5505,0.631,0.633
6814117833040653952,5.69,0.305,-46.64,0.03257,0,1.2182,1.217,0.1,-0.34,1.1851,1.1835,1.937
6814445208332339200,7.208,0.28,-45.52,0.18193,0,1.0159,1.0082,0.1,-0.554,0.9994,0.9992,1.944
6815263249279380992,6.41,0.262,-45.48,0.04059,0,1.122,1.1175,0.163,-1.183,1.1452,1.1452,1.858
6815454358144034688,6.646,0.485,-43.63,0.45338,0,1.9994,1.74,0.747,3.047,1.8571,1.6397,0.852
6820167380376239616,7.817,0.594,-52.5,1.76042,0,2.8619,1.9969,1.0,0.921,2.6561,1.4125,0.683
6824569618775712256,6.102,0.5,-47.96,0.12181,0,1.736,2.1539,1.0,2.785,1.6406,1.9253,1.295
6827419827792618368,7.014,0.59,-49.76,3.73408,0,3.4194,0.5012,0.835,1.499,2.7981,0.5,0.519
6830187710876927616,5.593,0.569,-44.7,0.40858,0,2.5119,1.9953,0.4,3.217,1.9953,1.4584,1.118
6830657271061313024,7.864,0.553,-44.52,0.25126,0,2.1582,2.1449,0.1,-0.225,2.0429,0.5,0.524
6831091234556947712,7.101,0.444,-43.66,2.01301,0,1.9351,1.7577,0.615,6.44,1.7756,1.6252,1.04
6831554747427433728,7.088,0.551,-44.7,0.43384,0,1.6028,1.5897,0.1,-0.263,1.5974,1.5849,0.532
6832309768319357184,6.163,0.525,-39.23,0.31245,0,2.2246,1.7935,1.0,0.591,2.0702,2.0639,1.028
6835401869893557632,7.0,0.462,-40.11,0.0903,0,1.7023,1.6534,0.673,3.19,1.6389,1.5808,0.637
6838704699744176768,5.913,0.302,-44.8,0.49868,0,1.1879,1.1863,0.101,-0.024,1.1598,1.158,2.195
6840204433604467968,7.57,0.577,-45.4,0.4976,0,2.6035,2.3042,1.0,1.999,2.481,1.8907,0.892
6841690835886160768,7.114,0.466,-44.27,0.49362,0,1.7069,1.5454,0.768,1.115,1.664,1.4989,0.82
6843672087120107264,6.586,0.584,-44.28,0.11184,0,2.6049,2.0978,0.325,1.081,1.9555,1.4501,0.818
6844193324351118336,6.898,0.588,-44.09,1.63415,0,2.5713,1.6861,1.0,0.244,2.4999,1.3539,1.308
6845434466820615552,8.183,0.584,-42.63,0.52104,0,2.1781,2.0643,0.164,-0.012,1.8727,1.6402,0.416
6847993167821052160,6.684,0.53,-31.69,0.42461,0,1.8467,2.0162,1.0,0.004,1.7991,1.8558,1.143
6852209210797968384,7.414,0.561,-25.49,0.14818,0,2.5366,2.3092,0.978,1.564,2.3181,1.7805,0.943
6855013583924459264,7.319,0.598,-32.82,0.1171,0,3.0292,2.9973,0.15,-0.123,2.1728,1.954,0.664
6857774663777427712,6.598,0.408,-35.36,0.68623,0,1.4981,1.6906,0.935,3.534,1.4401,1.4339,1.169
6860821651019025664,6.705,0.275,-29.78,0.10121,0,0.9781,0.9794,0.1,-0.694,0.8971,0.8968,1.277
6862623441337476224,6.16,0.276,-30.27,2.07749,0,1.2483,0.5632,1.0,0.574,1.2103,0.5,1.314
6865066453096640896,7.58,0.399,-21.37,0.13683,0,1.5578,0.8913,0.614,8.215,1.457,0.9025,0.676
6866303987792105856,7.382,0.474,-26.03,0.17661,0,1.55,1.5849,0.101,-0.983,1.4738,1.4657,0.702
6871596074697873536,7.115,0.591,-19.91,1.76336,2,3.1323,2.1518,0.783,2.728,2.6819,1.122,0.458
6874238819615691392,7.291,0.331,-25.86,0.11653,0,0.8805,0.8768,0.1,-0.555,0.6746,0.6668,0.924
6874316988016363520,8.169,0.559,-25.57,0.13334,0,2.1519,2.0788,0.198,-0.061,1.8805,1.6779,0.481
6876492303052867968,7.764,0.501,-27.18,0.04245,2,1.9875,0.5,0.806,0.46,1.8199,1.7167,0.68
6880660036239102976,7.628,0.453,-22.27,0.67042,2,1.8351,1.7938,0.283,0.267,1.6027,1.5268,0.816
6882818308841182464,7.886,0.57,-35.72,1.00218,2,2.6222,1.2023,0.831,0.976,2.3452,0.7943,0.531
6884083228249832960,7.464,0.438,-37.65,0.21767,0,1.7667,0.5,0.911,1.031,1.6471,0.5,1.055
6886022079566800768,7.746,0.588,-33.17,0.27274,0,2.8848,0.5,0.847,1.037,2.6051,0.5,0.533
6886364989755992576,6.902,0.463,-32.15,0.00669,0,1.5761,1.5685,0.1,-0.234,1.3857,1.378,0.798
6886757274888583936,5.928,0.343,-34.63,0.0547,0,1.0469,1.2098,0.925,0.256,1.0873,1.2981,0.972
6890370510615309952,7.388,0.581,-33.36,2.0914,0,2.5485,1.4125,0.81,2.187,2.4421,1.122,0.5
6892280053075014912,7.687,0.589,-38.45,0.10744,0,2.6872,2.1827,0.352,1.064,1.7077,0.9181,0.915
6893416295263224064,7.242,0.465,-41.26,0.04733,0,1.5001,1.4903,0.1,-0.36,1.4014,1.3935,0.649
6894198082390222464,5.678,0.279,-38.51,0.34709,0,1.0101,1.0114,0.247,0.279,1.0101,1.01,1.891
6894431591172321792,7.466,0.364,-38.51,0.23965,0,1.0833,1.0809,0.1,-0.471,0.9992,0.9947,1.18
6898995663939014016,7.05,0.505,-36.94,0.04109,0,2.1129,1.8849,1.0,1.765,1.9428,1.4065,0.797
6900016629206905728,7.9,0.496,-29.09,1.02773,0,1.9712,1.7651,0.331,0.607,1.6192,1.4571,0.574
6900637372239506048,7.638,0.599,-29.63,0.00777,0,2.6134,2.5776,0.1,-0.125,1.9953,1.864,0.873
6901048177273211520,7.232,0.577,-26.86,0.0308,0,2.4976,2.8336,0.97,1.639,2.3609,2.2149,0.695
6902842648968719104,4.623,0.446,-30.98,0.05711,0,1.3423,1.3358,0.491,4.004,1.3096,1.3094,2.031
6910090973213997056,6.35,0.516,-30.33,0.01369,0,1.965,2.3873,0.95,4.831,1.8119,2.0313,0.936
6911345619060531840,7.334,0.588,-34.98,0.04377,3,2.6556,2.5977,0.197,0.033,2.5334,0.5,0.461
6916139038785170944,7.678,0.515,-30.3,0.15452,0,2.1786,1.0491,0.796,1.886,2.0411,0.9432,1.033
6917116130961541120,6.799,0.564,-29.82,0.16126,0,2.374,2.3477,0.108,-0.268,1.875,1.8585,1.199
